user_id,username,birth_date,email,password,gender
U8373,hleeming0,,atourner0@bizjournals.com,eC5?|YqLtFG.,Non-binary
U6884,earchley1,12/7/1978,welcoat1@theguardian.com,yY5<X7_!.BT,Non-binary
U6877,ojemmison2,2/21/2006,flarenson2@delicious.com,"rI4<,xg<oSHCt",Female
U1879,mreyson3,9/26/1971,kkalf3@dagondesign.com,bV3%>Y9O@,Non-binary
U5701,smilvarnie4,6/10/1985,oduberry4@squarespace.com,kV9/&3>6,
U4305,bcouves5,8/3/1994,rhellcat5@businessinsider.com,uE1|V0~EW#nBUZ7,Non-binary
U1106,gandree6,,hregglar6@unc.edu,rA6!@+8eSgUhQ}1<,Male
U9579,rghio7,11/20/2001,larents7@imageshack.us,dL1/U5KZx(,
U1732,rmcnelly8,8/29/2006,hmacgall8@ed.gov,kO0.jFeGTG%(h#c),
U4184,polivas9,9/1/1994,sturk9@cisco.com,eI4<S~.04jkw,Male
U9960,ncrafta,3/12/1975,mbecksa@buzzfeed.com,vL7<cO{wN*S2R,Male
U3333,bfisbeyb,,dmatkovicb@mit.edu,eJ9+92zOEQk,
U2607,ghurtadoc,,eeppc@last.fm,kR9=c#BY},
U8333,gosiaghaild,10/15/1969,acecid@ustream.tv,"rO6,RGJt3tCx%",Male
U6149,sjaquemee,5/8/1969,svaseye@freewebs.com,"hT5,*qn'bg",Female
U6513,dsutheringtonf,8/4/1993,ksaziof@tiny.cc,gB5@cwo.2,
U9077,twedlakeg,8/27/1987,pgellatelyg@xinhuanet.com,lA1#cD3I1!!l,Female
U3933,voffenh,12/12/1981,hbeecrafth@soundcloud.com,mV1(3RDFc,Female
U1000,dgrolli,5/17/1976,hhallybonei@hibu.com,oS6%@G)sB_#,Male
U4668,rartingstallj,,jomondj@reverbnation.com,fR2!Boo4|U3T,Male
U6627,nbrionk,1/2/1993,rmartinak@domainmarket.com,uP6%rlpbQ{/k<kw,
U4165,vgyngylll,3/21/1981,spetracchil@surveymonkey.com,mD8&MRz8}d=>,Non-binary
U9247,alerouxm,,wscamadinem@hexun.com,cA8?v.g.A#N,Female
U3008,mspillmann,,docannann@freewebs.com,"wP5_\Lj""N<sJQA/",Non-binary
U1563,ejerzycowskio,8/21/2002,qbradieo@patch.com,"kY6,essH""",
U5007,nthinnp,8/1/1980,nwitchp@51.la,mA8(3oB9y0<>LPiy,Non-binary
U0242,echauveyq,11/4/1979,mascheq@hubpages.com,"mZ4=b_t@<1+$""SVM",Non-binary
U9813,tcousher,5/10/2006,rbunnr@howstuffworks.com,"uD2&*&2{PN{,>",Male
U8809,jduffitts,,gvamplerss@admin.ch,aK8#<muy1jb,Male
U4721,khowist,5/23/1966,ckubalt@reverbnation.com,hA5=bzzo*f'NA,Non-binary
U7598,trochesu,6/16/1988,gtallachu@ycombinator.com,oG5!=(07'a!hi{Q,Non-binary
U4312,tmardlinv,5/2/1998,bjurcav@tamu.edu,jV2(RH}vf1/,
U3726,gmccallw,11/2/1999,mkmicickiw@wunderground.com,iB5(e`JjM_sc26{5,Non-binary
U8002,sbattsx,,glygoex@bloomberg.com,rS7'nV9)eb4})(,Non-binary
U4228,byurchenkoy,12/24/1993,btapendeny@t-online.de,gK1~rDft9e,Male
U7743,blegalloz,6/16/1987,ndrooganz@ucoz.com,jD1=Iw}rb~fj7h1,Male
U9067,hkubera10,11/1/2008,grollason10@imageshack.us,dJ3'/JLE3Mh,Male
U7187,bcowpland11,11/30/1978,awewell11@wisc.edu,xC3)3'SsG9qtSc!,Male
U2323,pmacane12,9/29/1979,kmesant12@dropbox.com,sC3)5MD3c.ZCQ,Female
U9149,cbeckinsall13,11/12/1997,jbraidman13@51.la,"qS7}E~?5603_*""2O",Non-binary
U9662,nhugnet14,,ggermon14@nature.com,rR4}|/&G,Male
U3179,bbrumby15,7/15/1977,sjeanneau15@accuweather.com,zA0+.(H\{ak,Female
U1483,nbirden16,7/1/1973,gohone16@jalbum.net,xX1>hCkiS3,Non-binary
U4714,aabilowitz17,2/26/1983,aharle17@spiegel.de,nB4*Z1T$,Non-binary
U8955,thauger18,2/3/2003,ctomeo18@bbb.org,"vV5&>%BuIsx<h4""\",Non-binary
U1549,fkiwitz19,4/17/1969,mcoveley19@wikimedia.org,zG9{pYxcvSD,Male
U8574,cdimatteo1a,,lmixon1a@arstechnica.com,jE3}?BAO9{&~8m,Non-binary
U5772,mlanceley1b,3/4/2008,vevison1b@google.it,dO7*x'CTyymg,Non-binary
U2114,ascardefield1c,,tsein1c@4shared.com,oQ8#X{9Vf,Non-binary
U5821,bblakeborough1d,4/5/1982,mmocher1d@g.co,"cO8""kH`w(?9",Male
U2392,hstrover1e,7/19/1993,tadelman1e@time.com,rQ7~}\wmx&7M'(F,Female
U2494,atreagus1f,12/7/1991,dmozzetti1f@t-online.de,lK4%do.Kz.s,Female
U2364,jaskwith1g,,comullen1g@weebly.com,oI2}tfd&H,Female
U9095,delford1h,5/7/1977,greiach1h@cnet.com,lY3'M%yDW@K$,
U7952,rbonney1i,2/25/2007,icometto1i@adobe.com,"dW1<T""myiq#",Female
U0617,mcrittal1j,12/4/1986,gleaming1j@usnews.com,mY3\'o@n,Non-binary
U5005,cmacinnes1k,2/23/2000,bcodlin1k@homestead.com,uC0!mww4JB<jo*R,Non-binary
U8261,hgouda1l,,dhugh1l@marketwatch.com,eM0_W#CNcL,Non-binary
U2318,mcarruth1m,10/30/1971,ttabrett1m@squidoo.com,fP4(6gp{ch,Non-binary
U9695,cdrowsfield1n,5/29/1965,sgianolini1n@digg.com,"tA6""(5.V7((",Non-binary
U7716,dmcindoe1o,7/18/1970,mdibbs1o@google.co.jp,jF7?>5QAyT,Male
U9277,mspohrmann1p,2/26/1966,flankham1p@google.nl,lW8$qnk>&UN&,Female
U3195,rclutram1q,5/3/1971,lculp1q@ox.ac.uk,"iS5,g?FsH/_A3",Female
U0425,kgoodby1r,3/23/1991,rferneley1r@wunderground.com,aX2?sBKCc$,Non-binary
U2821,htunbridge1s,7/23/1996,jlindstrom1s@google.de,eO4!3&jV3,Non-binary
U5652,tjoffe1t,,arosas1t@smh.com.au,gV6+&mahD)u,Non-binary
U8015,ssuff1u,5/23/1999,arushbrooke1u@hatena.ne.jp,oW4&R2rzvZPZO!j\,Non-binary
U6379,cbrisard1v,8/14/1990,afoard1v@epa.gov,aR8&#VVJNnA.>)8,Male
U7493,vvelden1w,,ssouthon1w@wikipedia.org,sI8=Ce}%'MU<,Female
U0275,rsherred1x,4/14/1996,bkelsall1x@ihg.com,nM6\>j_4,Non-binary
U7377,hform1y,1/18/2000,godonnelly1y@soup.io,tH9\/heQ<fa,Male
U3003,lgudger1z,8/26/1976,episcopiello1z@icq.com,oN9+MCo}`|s2gx8,
U7447,jmcsparran20,,imaffione20@patch.com,gK0{/YItZ_,Non-binary
U5133,bschultze21,,asheed21@nyu.edu,bX1+BHn+F_,Non-binary
U7817,amacauley22,,tlabba22@shinystat.com,aL5/ILN),Non-binary
U6805,bbrands23,,ceilles23@altervista.org,nM5_8*BZAy#i,Male
U6981,gbutchart24,6/16/2005,lhanbury24@drupal.org,tW8\wDL@W>d,Female
U2391,dguidotti25,,ztschiersch25@wix.com,"uT0,@u#ix",
U5197,ccolby26,10/20/2008,jrampley26@desdev.cn,mE4*J|7TtRX,Non-binary
U7148,sjiggen27,,nandreou27@dagondesign.com,kC0|TDHx%}d/L/cs,Non-binary
U9874,dtilberry28,,kdugood28@google.nl,cT0$t\2Ka~_sG,
U7885,ljuszkiewicz29,,rgomer29@usnews.com,rY5)zrH0Y%Q3,
U6124,fmcdermid2a,10/28/2008,acrocroft2a@ucoz.com,qH9?U<'U?,Female
U6568,nbockmaster2b,4/26/1999,kcockshut2b@sogou.com,"lM2/a#""GqINqD",
U5702,ieagleston2c,3/9/1994,gfoulks2c@dmoz.org,iW3.>VK*GcZ+2Yl,Female
U0467,jcanero2d,12/13/1989,bcrook2d@cloudflare.com,cZ9&_|j#V/)~,Male
U2176,mdabell2e,6/28/1983,ksemmence2e@rambler.ru,hS5%'ZykyiHvpH3q,Male
U9542,epicker2f,5/25/1987,mleither2f@twitpic.com,hX1<'C~dJm=kJc'3,Male
U5351,ibenedikt2g,,kfielden2g@shareasale.com,"yG8>lhT%9""5C?",Female
U2770,gpidgeon2h,7/10/2007,tsugden2h@cdbaby.com,xZ3+w0xtp0,Female
U6436,twesthofer2i,5/14/1979,ccutajar2i@elpais.com,kF9#~xW|X,Female
U3350,measun2j,11/1/1985,hblowne2j@ameblo.jp,bE6%=8V{,
U0874,guff2k,2/28/1981,hdorkins2k@nyu.edu,cO3>WMlOYIeG,Female
U0575,tkorn2l,6/17/2001,fsabbatier2l@edublogs.org,iL0'U_Ha%T1,Male
U8057,ggrandham2m,10/2/1999,wcantrell2m@people.com.cn,aH1!c>vFP6qQ,
U6514,lmcgunley2n,5/24/1976,alevick2n@dion.ne.jp,"pW9_}V#KGRH2""VnR",Non-binary
U4485,fbusby2o,7/10/1992,hrubbens2o@rediff.com,gD1|d|oup0d,
U6565,zvallack2p,8/16/1970,ccockburn2p@fda.gov,xB5|heHHs>Um#Tk,Male
U1022,abaggaley2q,,gladdle2q@reverbnation.com,bF5$gbVOqt4.xOX,Male
U3503,jbaylie2r,6/21/1996,rmoff2r@wired.com,nD0\Ap/gCwO3\/,Male
U6736,bdrains2s,12/3/1983,srumin2s@deliciousdays.com,"mZ0""{zO>",Female
U4334,egarnul2t,,kpickless2t@tumblr.com,dN1(!=RK,Non-binary
U4637,xfeasley2u,5/8/1986,wharden2u@eventbrite.com,yX8!GODnNWqep=a,Female
U1986,fnissle2v,,dhellikes2v@goo.ne.jp,"cV9,2R&,6)YF0",
U1492,kdjurisic2w,11/30/1985,iavey2w@goodreads.com,xV9<7ETHz|E,Non-binary
U4700,cmckeighen2x,,chendren2x@com.com,bE2~IgdGqF<,Female
U4941,egiraudy2y,10/1/1969,dkemet2y@ucsd.edu,yZ7_zC.>}tOs~QE,Female
U1106,nbetty2z,,tattfield2z@webmd.com,tX2_kr?7Wsc1,Female
U3522,tstrewther30,1/27/1982,otorrisi30@icio.us,pI5'#PK*2,Female
U2022,sneissen31,7/9/1996,marmour31@newyorker.com,lP7!.'Xz|D2Za(\,Male
U2010,dskelhorne32,11/18/2006,cfurlong32@theguardian.com,dC5>Ai/C6$Ew*dx,Male
U0277,vmarshal33,4/7/1989,pogan33@reuters.com,"aU0,Z/hNLd7wE",Female
U6090,echopin34,12/4/1982,caurelius34@friendfeed.com,uE0@|B4cM>\$&,Female
U2743,esimanenko35,,nlivings35@prnewswire.com,"mG2_2qO""",
U3035,hcarmichael36,3/26/1990,ekelly36@acquirethisname.com,aD0~xF2a,Female
U2441,jdougan37,3/17/1966,lgive37@paginegialle.it,"hV1,3ATM{",
U1622,mhastilow38,,mbullcock38@ning.com,"fO1\r/),_a/",Female
U8596,cdowell39,11/30/1970,mradden39@imageshack.us,hL5!b$rjOXll&4,Female
U3955,mmanchester3a,7/30/1991,rokinneally3a@addthis.com,"hI1,0!Ii0mp8=hu",Female
U4818,vdevaar3b,4/26/1999,smoulds3b@berkeley.edu,zP9|HNZQ,Male
U6507,ldiggin3c,12/7/1965,nartz3c@multiply.com,hW8>SM=i%%o(pJ3,Male
U1330,vgherarducci3d,,hpetran3d@techcrunch.com,cT2}WG|+N4E=KJ'+,Male
U0311,jmugg3e,,rcharnley3e@goo.ne.jp,pR9%mK5AVnEq,Male
U0898,pcollett3f,3/30/1980,bdieton3f@lulu.com,pP6&v}kf,
U3348,nrosell3g,,amitroshinov3g@a8.net,aV2#rB\q<Mgd,
U7508,cmcging3h,10/18/1978,chawthorne3h@joomla.org,nK7'LU`1EyvS,
U5936,mthomton3i,7/21/1972,wslatten3i@bluehost.com,xI0/{T<*,
U4686,jdrohan3j,,eportwain3j@bing.com,fV4!T<n).M6,Male
U0957,bdevere3k,9/30/1974,brenne3k@foxnews.com,wN1@gj#@{yw,Male
U4865,troloff3l,5/28/1983,djellybrand3l@cbslocal.com,"hX2#?rg8""i",Non-binary
U8421,thartin3m,12/20/1996,ucarder3m@addthis.com,bQ3`pmBKgs)XV,Non-binary
U4179,sbills3n,7/8/1988,pgaffon3n@tinypic.com,vU0`sd6dWQ_qm~z1,Male
U6248,lshinn3o,8/2/1998,inormadell3o@about.me,iI2%<VK4!+Rw5I,Male
U9078,bgibbens3p,,jstoakley3p@weather.com,sD0.rV_Tj=1EhyI,
U8012,baphale3q,7/13/1972,athamelt3q@mapy.cz,aL0.XBTM/UAFGssR,Male
U4642,wattwill3r,8/30/1978,gcarbery3r@theatlantic.com,jZ5(u({3Jv/%,Male
U8019,nmaddison3s,12/15/1986,mbliben3s@a8.net,xB4&J!.+,Male
U9344,csimione3t,5/19/1981,klambert3t@woothemes.com,pC5!?9p_Zb@RJk%),Female
U7055,bboyett3u,5/19/1974,mfulkes3u@businessinsider.com,"xQ9(G?F""*o/f|_",
U0844,ihibling3v,,hpumphreys3v@go.com,cS8}A6jV/G*Tv,
U8371,kpellitt3w,1/24/1984,ksearle3w@ucoz.com,nD3'D'Grv,
U5165,sdebruyn3x,10/16/2008,tkettlesting3x@exblog.jp,hR8>x?8HQe{K,Non-binary
U4156,mrogez3y,11/12/2006,rcordero3y@wisc.edu,zD0=$F55,
U5034,gdarycott3z,12/4/1978,cvalentim3z@blinklist.com,aS3+3Ml&pKA@,Female
U8310,atootal40,12/11/2006,egolder40@time.com,wP6<En0\i,Female
U2465,hfullbrook41,10/27/1994,aroseblade41@sciencedaily.com,iO4'GnZ2QK+',
U9647,sdripps42,11/12/1997,mscamadin42@uiuc.edu,pX8#xfWB&c<D#,Female
U9102,bgoshawke43,,ddjokovic43@opensource.org,"zC4)Z`q',(",Male
U0678,wtwomey44,11/27/1967,jadderson44@1und1.de,kY3)X@*a,Male
U9349,rproudlove45,,gcapstaff45@odnoklassniki.ru,"xZ5""t%JvF%g?V",Male
U5442,lmoylane46,7/26/1999,abertlin46@dedecms.com,pX9`UQ>&U\Mo,Non-binary
U5642,jstreeten47,12/6/1992,edalli47@seattletimes.com,bX8$VGm`63h,
U2855,alindroos48,10/31/1999,alesser48@weather.com,fW8}/EZ/v8}i{f,
U6718,cbrotheridge49,11/4/1985,lkull49@cbsnews.com,hO5`(V/trMmix},Non-binary
U0861,cgaliero4a,,atenant4a@cocolog-nifty.com,xP1@n~Y5YP\7{,Male
U4050,knestor4b,11/4/2003,cgosson4b@goodreads.com,cR9$}7'p_6\W,Male
U6042,dharron4c,9/11/1997,rposkitt4c@scientificamerican.com,dD4<CRGu,Male
U2698,flinbohm4d,2/3/1977,jdearl4d@webeden.co.uk,"eG0""rT,<V",Female
U6111,escopes4e,,elovelock4e@mysql.com,uY5\5`0y&,Female
U5014,jberkelay4f,5/16/1975,emacgeffen4f@google.co.uk,bF8`{xW9W,Female
U9789,ggrannell4g,2/9/1980,asalle4g@oracle.com,aF9!xnNL's,Non-binary
U6416,gtanman4h,7/20/1976,mmcilvaney4h@dion.ne.jp,dZ2%P)P@Hm,Non-binary
U7280,bbox4i,,nfollos4i@fc2.com,hH1+#x~xB,Female
U2573,seddington4j,10/5/2005,mcrate4j@usgs.gov,tK5)&!Jc4n`BWr,Non-binary
U8370,lmarlen4k,8/15/1992,cfraczak4k@yahoo.com,"mQ1&,!6ifC)&53z",
U2635,lgobert4l,5/5/1967,rbeazer4l@bloglines.com,"iA5)V.tlP""=|9R",Non-binary
U1827,achilders4m,1/28/1970,shaysey4m@youtu.be,"sY6,z.4a1NGxMR`V",Female
U2514,msterre4n,9/12/1999,asteere4n@digg.com,nK1/A5+M|`{{prKj,Male
U7471,vcoakley4o,8/19/2001,rkuhlen4o@google.com.hk,yA4>S9Z3IKc5Ef,
U5829,osmees4p,11/28/1972,gpoulston4p@plala.or.jp,"yF4""Uf$Xy9br`",Non-binary
U9634,dhanby4q,12/14/1977,aivanitsa4q@privacy.gov.au,"qC8\J,*TB_x""g|",Non-binary
U5794,wmcinulty4r,5/18/1983,fmccloch4r@qq.com,vV6}|fmi,
U5686,cfairham4s,1/24/1978,cfullerd4s@booking.com,iA5'>v'LH(mGuF,
U2693,cstanier4t,12/30/2008,rmariaud4t@ehow.com,sN5|k?!aF>EsxHGA,Non-binary
U8744,wpardue4u,11/2/2004,zferry4u@sun.com,"eA7""uV@\ep~u",Female
U6134,bjerke4v,9/14/1995,vsherborn4v@barnesandnoble.com,"vD1>,TyJ}c",Male
U1427,lwalmsley4w,,kbartak4w@cbc.ca,sF7!E&6J2,Female
U9112,adoy4x,8/15/2005,lkinchington4x@wsj.com,oI0'o%huQTL,Non-binary
U0794,sstonelake4y,7/5/1971,dbrydson4y@is.gd,bA7+'gG<lf0i,Non-binary
U9208,edumini4z,,mpeterken4z@networksolutions.com,aN7@Dn{HLE%?7Y$),Male
U0166,olackington50,5/20/1989,lotimony50@people.com.cn,nP2\hm=N{Y%F{C,Non-binary
U7885,jlamswood51,8/2/1993,jspilling51@goo.ne.jp,"xZ6(LLf""KoKe~5Xe",Non-binary
U3780,rmattiassi52,6/8/1966,amoizer52@washingtonpost.com,rL2_ae*qy,Female
U2858,cbaptie53,9/12/1969,grawling53@about.me,eB8#vqNekmEwyY,Male
U1395,lespina54,7/25/1970,jbrakewell54@hud.gov,"oD3<bIMX\vOwW,aW",Male
U6474,ptolemache55,10/28/1990,dslides55@gravatar.com,oE0#~EAgv%<,Female
U4100,dwhiten56,3/4/1977,hailmer56@cloudflare.com,dF5#ucX{VAQpE,Female
U8514,gmcilvaney57,10/26/1995,lkellough57@ted.com,"sA2<bkLYjY""o=",
U5971,agrainger58,,mstoakes58@trellian.com,vC9_omMk,Male
U5878,nantonucci59,12/2/1989,mgazey59@webs.com,fD8`)q_c>,Non-binary
U7019,oviollet5a,,ldevericks5a@house.gov,gJ7~\dYn=a.>AR,Female
U3892,tsante5b,1/16/1974,dschnieder5b@ow.ly,kM7`|GNQ1!,Non-binary
U4695,bmeader5c,3/22/1988,darnout5c@feedburner.com,qE1!iLqviQs,Male
U8362,dbullivant5d,2/25/1972,egaythwaite5d@netlog.com,uM8<y~g}c,Female
U7189,jshelley5e,4/13/1965,bgiorgioni5e@msu.edu,tP7'v|OtEL11JN=,Male
U5068,breuben5f,5/10/1970,bconneely5f@google.com.hk,sF7+nptaf2,Male
U1699,lstow5g,7/25/2008,kclapperton5g@oakley.com,"qY7|BuqP?W,",Male
U9356,asawfoot5h,4/10/1974,cgrimster5h@123-reg.co.uk,"hB2#\,Jo<65""",Male
U6848,rlethibridge5i,,hvankeev5i@barnesandnoble.com,xR1#Vgl*7Sav,Male
U8820,doldall5j,6/3/1967,mwelfare5j@mapquest.com,lV6{&ZPcP`U~&,Male
U8786,rpadbury5k,12/23/1997,rsalvin5k@gizmodo.com,"aF6""z/BG*LpY",
U3222,rtaylder5l,11/6/1979,ncallacher5l@bigcartel.com,"cV9%RAya2tPFO""M",Non-binary
U2040,rskilling5m,1/13/1998,kleppo5m@discovery.com,aX0%kfSK6)0E,Female
U0931,dshernock5n,,seisikowitch5n@webeden.co.uk,wK2|5!Td\Gx,Non-binary
U9478,imacrury5o,,gmacknish5o@squidoo.com,iB3'gXSVNK~R*9i,Female
U9157,kvanni5p,2/20/1986,ncorkel5p@mediafire.com,eA5+NR#2Kr#S)Jg,Non-binary
U4419,dpoles5q,4/23/1978,lellum5q@e-recht24.de,kL0.wgv~`j,Non-binary
U2002,ralwood5r,12/2/1975,pdeeley5r@theguardian.com,"rS5!+Tdl""?",Male
U8726,cneaves5s,2/2/1982,mfincher5s@cdc.gov,yF4'S9~<a,
U7129,rmithan5t,6/24/2002,jkillich5t@china.com.cn,qV2}qb{wDxq*,Female
U1260,kbarsam5u,2/20/1989,draiman5u@yellowbook.com,pT6$&Y99@ZnSG,Female
U7570,jrozier5v,,nkording5v@irs.gov,jA7\1SL_w,Male
U2346,rgerholz5w,8/11/1970,alamburne5w@bing.com,hB4!8CUFR6nqw,
U0098,mdjekic5x,1/17/1986,sjerrome5x@homestead.com,pG6|Ds_x8&p5PF\R,
U5059,ksolway5y,3/8/1965,kbrammar5y@squarespace.com,nM5(6GwZXN!I6v},Non-binary
U0009,tlawrey5z,12/7/1972,tduddin5z@weibo.com,fA4$1d@6,Non-binary
U9769,cgogan60,10/24/1996,nkean60@tiny.cc,aJ7|fA.$|.+,
U0810,tropking61,,dsauter61@soundcloud.com,yN5+UQqVSh4K8HQ,
U6511,lgyles62,9/17/1966,ahastewell62@narod.ru,fR3}1>Ne/,Female
U0404,atrousdell63,12/28/1968,jsiggin63@fda.gov,uG2`GwA&4*Z,
U7066,pbayman64,9/27/1965,hhartless64@symantec.com,jO7#+@qMC.5hu6,Female
U6802,acuckson65,4/15/1971,rhover65@aboutads.info,zG3@~Zbo}=2+~G6,
U7733,jfreemantle66,1/16/1966,czisneros66@ocn.ne.jp,kV1.{xs&M@y,Non-binary
U8695,edavidof67,,lbraven67@ifeng.com,dA9.ruj>i,Non-binary
U9495,fcockett68,11/16/1998,eshakesby68@sciencedirect.com,eA4#='U#XRP!ZpW+,Non-binary
U2076,mstittle69,1/6/1992,cmackriell69@themeforest.net,mY2+!G`O,
U6028,ffreear6a,7/5/1986,lmacmenamin6a@joomla.org,qY0_VQgb?_=Sy,Non-binary
U7962,noppy6b,,jyexley6b@webeden.co.uk,vH7(o_`w,Male
U1734,anaton6c,3/20/2008,mhutton6c@wiley.com,"pL3"".KuS",Female
U5240,cbricket6d,5/23/1982,gtawn6d@ucsd.edu,sX5~)C3H,Female
U2457,sbroomhall6e,,rmcguigan6e@deliciousdays.com,"jM4,`VmMe",Male
U0526,dbyfford6f,12/19/1989,ciddens6f@amazon.co.jp,mE5.X=&A<vXz,Male
U6244,rsimonaitis6g,9/13/2000,akeer6g@tinypic.com,hZ6)*X*az,
U6554,mzapatero6h,3/24/1981,gknoton6h@mac.com,uU3</&tSrO%'FIi,
U7613,sgammage6i,6/7/1965,ibernardoni6i@samsung.com,cD9.Y/{H<Ob~,Non-binary
U1708,esteart6j,7/8/1984,acosker6j@forbes.com,oF1{%723,Non-binary
U6701,charborow6k,,kfagence6k@mayoclinic.com,"eH6_""|NAp7tDI<6",
U6755,hhuskinson6l,5/3/1967,llightewood6l@hostgator.com,"fK3,yoT?`jg",Non-binary
U6745,istollwerk6m,,rgeffcock6m@storify.com,kT6)qEQpU,Female
U4014,djessel6n,,fpadefield6n@nsw.gov.au,mW7~0+un,
U2127,hpryce6o,10/6/2004,aportingale6o@google.fr,"gS4\,a98a",Non-binary
U8054,ebigadike6p,6/3/1966,dparaman6p@mediafire.com,eY8~2DK/E(@~zd*,Male
U8369,sstive6q,8/16/1978,mtimmins6q@pagesperso-orange.fr,yE4{geZh)lC`da+,
U4038,efusedale6r,9/8/1978,ccossem6r@meetup.com,"uW8<SEF""#=",Non-binary
U1288,afilipiak6s,5/31/1981,icotton6s@w3.org,iU8!`h(SO//H/&+,Female
U4989,dcluley6t,,pteager6t@ucla.edu,vR9%ER_N9H}~,Male
U1102,atitchard6u,,lgreetland6u@go.com,nQ0_Yx}NMxmq7O,Male
U6352,abeatey6v,9/19/1989,rshear6v@usa.gov,vV2!eIqgs8|OJ,Non-binary
U5687,ajanous6w,,tladewig6w@microsoft.com,hW5!.wws)A+,Female
U1945,asatterlee6x,3/15/1966,lbonwell6x@bizjournals.com,"lF0+rJ,w7OJ$5f9",Female
U3001,mdunnaway6y,,aablott6y@symantec.com,eO0$kV}PF,Female
U7586,mbeckham6z,9/20/2008,pkennerley6z@marketwatch.com,xP2?*GJNC@w@Mj,
U2056,mlaverock70,1/23/1978,mpears70@time.com,"bS1?""f\WaTy{1",Female
U6372,abumford71,2/6/1969,tsimek71@unesco.org,jZ3#L&`FLOX5gz,Non-binary
U1115,nlaviste72,,ipaolillo72@cpanel.net,"pW8\nboz""C3",Female
U9566,gshergill73,,zohaire73@ebay.com,"cW4#""Uj.L!aUj\_i",
U6820,naldersey74,1/5/2001,cgagen74@dyndns.org,yH6+!4~A9*/9.z,Non-binary
U3489,llevin75,5/12/1998,cheighton75@arstechnica.com,hJ7&g0$sjj9~wWoY,Non-binary
U2809,adunlop76,9/7/1989,fandriuzzi76@archive.org,iF3(ed%s@{B9y1,Female
U3885,ibodocs77,4/22/1967,ckesten77@last.fm,mX2_1T2rjMdmR\,Non-binary
U0642,ooscollee78,,bdammarell78@storify.com,yI6@C)WX,
U2873,tnancarrow79,3/2/1969,ocrocetto79@shop-pro.jp,eE6{Bp*NDS>8E,Non-binary
U7691,gfenne7a,7/23/1999,mhinkens7a@epa.gov,pK6|WB4T+,Female
U3579,efitchew7b,3/28/1968,mludee7b@wordpress.org,"qA4""2b$&",Female
U8975,jsigars7c,6/17/1992,omackstead7c@washingtonpost.com,mN8)c)F&\%l@f?,Non-binary
U1597,phattam7d,8/2/1968,tbuttrum7d@jalbum.net,vK1?.hB=>Q`)PU|,Male
U2134,bmallabon7e,12/24/1979,mwardale7e@prlog.org,kJ1#/y9'W'KD,Female
U6806,bbolduc7f,6/22/1998,bwhitford7f@abc.net.au,zA9'GOX@8b~,Non-binary
U4608,hcordeux7g,2/6/1968,kkernock7g@eventbrite.com,cZ8&MXrnKpRfA#T,Male
U6203,llehemann7h,1/28/1968,lrambaut7h@telegraph.co.uk,tQ5&%$s5JAffQUL_,Female
U7719,kerie7i,3/29/1968,efesby7i@mysql.com,yL5`pY|\c,Non-binary
U3733,vbestiman7j,,kmarjot7j@canalblog.com,gK4#FL5DCeyyxs,Male
U2480,vchurchard7k,,ganney7k@t.co,cA8#d9+)=G.+,Non-binary
U3937,vcastello7l,7/21/1988,rpionter7l@microsoft.com,hJ5}P`m<,Female
U4214,wleebetter7m,11/25/1977,jcastan7m@artisteer.com,sN6_|Z8Q2i%C)lb,Male
U5462,fclemson7n,5/22/1966,lfawcitt7n@networksolutions.com,zO9+%#XR4G~7,
U1888,gshankland7o,10/23/1969,mcastellucci7o@etsy.com,gQ5@iv6Cq7aK/{,
U2560,elobley7p,7/22/1996,kcarletti7p@sohu.com,"jO6`VR7""yy",
U0853,troll7q,2/14/1983,fdenmead7q@illinois.edu,pK9>>Ut+/OdSLVg,Male
U6547,clamers7r,,dlawey7r@list-manage.com,oR1#~!4B$%ixt.,Female
U6424,mskehens7s,7/10/1986,djunkinson7s@cbslocal.com,rI8$OxhSy,Male
U5916,wlambard7t,4/9/2003,laronovich7t@printfriendly.com,vB3@O\I=r,
U7966,hdurward7u,,mdabbes7u@geocities.com,cP5&q{'151P(,Non-binary
U0050,ewhipp7v,1/2/2004,ichafney7v@ebay.com,"mF0+W""<w!",
U3377,sgarvey7w,11/10/1999,nfancott7w@meetup.com,"lC5{q""yY|dMUi6",
U3297,msmallacombe7x,8/5/1997,hfairlem7x@zimbio.com,"sT9'+f,5g9D\",Female
U2460,wlympenie7y,4/7/1973,cdrayson7y@upenn.edu,yN4+xt9.3%f|LTq,Non-binary
U1578,bnijs7z,1/24/1998,pbaber7z@addthis.com,wS9/lSTJ?9r,Female
U3048,hwillett80,,gphilliphs80@dropbox.com,"vA1{7gzy.`<Y2"">",Female
U0455,lkiendl81,3/4/1979,smichelin81@intel.com,jN5_LCpV~jzk,Non-binary
U8994,ljosephi82,,dbracchi82@businessinsider.com,kR1_I)0Nen7?,Non-binary
U5576,kmaccartney83,1/10/1976,bkalkhoven83@ucoz.ru,nU0#'y.Y@ATV#~$w,Female
U3545,rrosin84,4/12/1970,ltraske84@cbc.ca,gT9\$Dse,Female
U9091,gwalicki85,11/9/1998,nwalkling85@msu.edu,gX2/\yH7)q,Male
U9917,emeasom86,11/2/1982,bcovelle86@twitpic.com,lT1#JmI<,Female
U1951,jduffree87,8/20/1973,wgiovanardi87@bigcartel.com,fY2<RfDp4f6*,Female
U8152,cdawbury88,11/22/1984,tboshere88@barnesandnoble.com,pJ5_kV~HE,Non-binary
U3115,ishepland89,8/10/1998,cbilton89@imageshack.us,kE3$V%/L,Male
U6675,aroyds8a,3/16/1982,kchaudret8a@pinterest.com,lQ4}rtJyPaBe9,Male
U3466,dgeraudel8b,5/22/2004,malger8b@yahoo.com,wZ2+J>74y#QFC,Male
U9396,umea8c,1/12/2008,ptwinn8c@nydailynews.com,tH2~i/qZZ\Tt4,Non-binary
U8812,emuglestone8d,,lgogay8d@forbes.com,xS6}.|A/Q,Non-binary
U5142,zhartell8e,11/2/1985,oandress8e@oracle.com,fO9)Ar\ROVn,Female
U4343,ncalkin8f,7/15/2000,esigfrid8f@alibaba.com,xI7<}'Zd,Non-binary
U2060,bmaudett8g,12/28/1992,hvenediktov8g@hud.gov,hW8=L.WB.oSFU7#9,
U1561,mtruitt8h,10/29/1983,glusty8h@cbslocal.com,"bZ6#1sDipS{Ww,s<",Male
U2136,adrewclifton8i,10/5/2000,kbrevetor8i@army.mil,kK0}RGBmj*Serh=,Non-binary
U5804,ggibbons8j,5/23/2008,rreedman8j@hp.com,zX9<(<|kk$4,Male
U1580,lfarans8k,8/3/1997,nwinks8k@oaic.gov.au,"rV5@T3,q<",Non-binary
U9859,aandresen8l,11/24/1987,htwittey8l@economist.com,jM9!8U(YW,
U2204,efooks8m,12/9/2006,cruff8m@jigsy.com,xS5>C'G%4aQ,
U1892,rcypler8n,12/13/1994,cbiasini8n@multiply.com,bK8.YEY1T,Non-binary
U7953,arubinow8o,1/14/1981,npache8o@mtv.com,rI7'iCCS|W&&,Male
U2262,vclapperton8p,,fwherton8p@liveinternet.ru,eQ6>Sk@s,Female
U0618,sreoch8q,,sduquesnay8q@google.com.br,iQ2?&>2jF6u\>yw,
U3996,cwileman8r,1/5/1993,wadair8r@wiley.com,uG0}gS5\,Non-binary
U6265,cnewart8s,,fraffan8s@phpbb.com,lE5?=*Qa6k,Female
U6999,bdavidy8t,6/18/2005,bdew8t@epa.gov,iC6<fJa%B=#fm,Female
U6213,jcrimpe8u,7/20/1974,cgajewski8u@wired.com,"gB8,'Yyehj",
U2732,cbroadberrie8v,5/26/1975,bminghella8v@jiathis.com,"uK4\fQ=t)S,=CK",
U1198,lstairs8w,,afawdrey8w@dagondesign.com,rX8!{0VmR`*_v,
U1813,vyushkin8x,,rforte8x@jigsy.com,tO9?`b2Cl!<J,Male
U8651,jarmatidge8y,6/4/1967,cashburne8y@flickr.com,mY1$h+6tT?J`~U|,Female
U8621,hcostan8z,10/21/1999,pfrill8z@woothemes.com,pR8%>Y7Xt<mu),
U4787,gpinock90,7/21/1993,hmcconaghy90@meetup.com,nZ5`xT%M9A,Female
U6321,araddon91,6/12/1972,jsleightholm91@bloglovin.com,vK6*M2~SYaT,Female
U4778,msilverson92,1/28/1974,nambroise92@pinterest.com,rT1|V{<G+uH,Male
U6155,ecrass93,9/11/1979,ajeffcoate93@unicef.org,kY1*6uZRXw,Non-binary
U9130,mcoathup94,9/19/1994,areiach94@sogou.com,"rE8=E=iP<Rl""",
U8293,fminter95,10/18/1980,apraton95@techcrunch.com,bH9&Z>HBigkW?gi,
U7929,psemark96,,apinnocke96@usa.gov,"hM1!rNUECr,+iP",Male
U1871,iantonietti97,4/20/1973,cbrittoner97@ox.ac.uk,iG1>E@tA5MR1c`AQ,
U8494,nfowlie98,7/24/1980,dbatstone98@cnbc.com,dH7~XlVv,Non-binary
U2317,dblennerhassett99,11/13/1998,yeskrigge99@newsvine.com,uZ9`tB%W2+3,Male
U1456,tdayes9a,10/4/1969,lveel9a@hugedomains.com,wK2/6o1a54,
U9828,cbrierley9b,,rpochon9b@skype.com,"uS0/,!h/",Non-binary
U4837,ccolwell9c,4/2/1980,mhincham9c@ibm.com,"vE4""8~1@P",Female
U7276,hivanyutin9d,,rsimmonds9d@pagesperso-orange.fr,"sR2&CD},5fp~",
U3857,jmerredy9e,7/24/1994,edicky9e@indiegogo.com,rW1?#3'<qlzB,Male
U8373,backlands9f,5/26/2001,prickesies9f@independent.co.uk,kS2!<sLFW,
U9257,cbengal9g,6/22/1993,drabbe9g@washingtonpost.com,"gO9_/o@Yp,",Male
U9246,trawood9h,9/24/2007,kcushe9h@mit.edu,nM3_@UNGAPX7lUU},
U7320,gmcnelis9i,,rdanielovitch9i@princeton.edu,sH0*{Tl!,Male
U5475,wbuxsey9j,1/18/1991,mclaricoats9j@jimdo.com,eV5&//=8Y,Male
U4664,mdmitrievski9k,4/15/2003,mblaszkiewicz9k@squidoo.com,"nR1?N}|\}""bmq",Male
U6375,srennix9l,2/4/1996,bheadingham9l@auda.org.au,xF3\@>R0,Non-binary
U4053,randree9m,7/28/1972,oenterle9m@google.cn,"wX7""X`!U1%Xb4)",Non-binary
U9374,khonisch9n,10/5/1973,randrzejewski9n@shareasale.com,mR0+K7\4I,Male
U6856,aghilardi9o,7/20/1994,ariddel9o@a8.net,"hW2$UR%1dL""",Male
U1185,grogeron9p,1/22/1965,ahawkeridge9p@gmpg.org,zY2(f5<q,Male
U7363,bcolbran9q,6/27/2005,measbie9q@bbc.co.uk,bI3#.j1a+=Vw{/k,Non-binary
U3713,kderobert9r,11/10/2002,abusfield9r@auda.org.au,yI9=pnQxU<Kzd,Male
U6254,hnuschke9s,8/11/1993,ftizard9s@xinhuanet.com,eC0&T#}j2B)5TD13,
U6786,lhindmoor9t,,mlamborn9t@desdev.cn,nQ5$cUq*,Non-binary
U6588,ctiesman9u,6/19/1969,npethybridge9u@cafepress.com,hQ8?GYS$Cj@8ts,Male
U9941,smiddiff9v,11/10/2003,rfidian9v@census.gov,"iJ5>K.F,czY,'ee8",Female
U7579,rlindblad9w,,aclaughton9w@cornell.edu,tD9*i6cPk,Female
U9310,bpitson9x,12/4/1975,holiver9x@baidu.com,lI5.!RVn,
U9958,rdinnis9y,7/12/2008,vbrookesbie9y@joomla.org,bR5!FFtg/,Male
U4123,tbradden9z,5/1/1984,fmunson9z@usa.gov,qT4\.z~Ef,
U8793,rmagora0,8/18/1977,mniala0@hp.com,eA2&)~E@/Hk+!<4,
U1068,ctournea1,6/13/1971,vmacnaughtona1@yolasite.com,zG9?Hw/5Cq*,Non-binary
U1307,cquadea2,6/1/1974,rpeyroa2@storify.com,vN4}Z?8Re~jGN,
U0349,hblincowea3,,llonsbrougha3@illinois.edu,yO5'ye`x,Non-binary
U3829,mskiggsa4,4/28/1967,croadsa4@globo.com,"uK1>6y&7Yz,w",Male
U1522,mteasea5,,bescoffreya5@cbc.ca,pC6?Y0i7s1xX&ID,
U0894,msheahana6,,bdurranda6@com.com,mA5$k!06>4,Male
U6826,frusta7,10/22/1994,ccaytona7@skyrock.com,oT4}qwe8/QXCga6,Male
U3781,mgilhespya8,12/22/1980,vsimnora8@ucla.edu,cT7#KJ7RRdD?,
U7531,cclendeninga9,,dbolera9@aboutads.info,rN2{TL9x*&Gtoq,Non-binary
U3269,eturnockaa,7/1/1985,hupstonaa@telegraph.co.uk,dL1?qY?5!o<,
U6976,hgounelab,12/3/1993,ajakuboviczab@joomla.org,aA7~Gc}xKfg1X,Female
U1803,jgatmanac,1/9/1975,dkapiloffac@github.io,uF3#su{e&K,Female
U8484,bbasnettad,11/1/2002,gjoderad@clickbank.net,qX8@>m'+f,Non-binary
U3374,egohierae,2/19/1984,ahoudmontae@discuz.net,"lB4,rXy{|rqIGs",
U2087,kcannanaf,5/28/1992,lgobolosaf@boston.com,aW7*&\$uNU|!v,Female
U5713,kmckuneag,9/27/1974,kbanghamag@e-recht24.de,eU9+??9(h,Female
U3391,apeealessah,3/21/1979,wwilksah@theglobeandmail.com,sT6.#N+m@,Male
U9634,nsynderai,2/16/1989,bbootellai@mediafire.com,cX5_FlTl5UBk,Female
U1232,mcancellieriaj,,lgoffordaj@google.pl,hX9`Vg#s2R@,
U1132,rmonetiak,11/21/1980,thowattak@census.gov,iX7?SP<CjtY,Non-binary
U5600,jbareal,8/29/1999,reggaral@taobao.com,kV9#d|R1Y,Male
U7185,rkestenam,5/11/1997,chaydneyam@squidoo.com,qR2$&_hC,Non-binary
U5663,jsignan,8/6/1969,adeblasioan@usnews.com,"nG7|yp|\NAs||R""",Non-binary
U3129,cvivyanao,5/9/1991,astannusao@behance.net,xC5#e2(BvR17,
U7945,adrewettap,2/11/1993,csumpterap@biglobe.ne.jp,aJ9&1utB+'q_a,Non-binary
U8277,hpendockaq,,mrandalesaq@360.cn,hW6|KI<)=8BXr9%D,Non-binary
U0150,aganderar,9/2/1985,cmacalroyar@wix.com,jR3!F>p>,
U6157,aconewas,9/25/1994,sbasillonas@digg.com,xO9.LflCEMR&ixs,Male
U9612,dgrammerat,10/17/1998,ashoweringat@slate.com,aG1&>aos<,
U1822,iskirlinau,10/2/1982,pchristinau@yolasite.com,pB8{B{p9P/&'FFn,Male
U6890,nscirmanav,5/8/2002,zgeriav@webeden.co.uk,"dI8,tqHWA",Non-binary
U0326,dbooteaw,,sbaxendaleaw@mediafire.com,hT6'y_oPp10&&uJe,
U1886,mvyelax,2/15/2001,kglozmanax@wikipedia.org,"eW5{,x0$",
U8534,aloakesay,8/27/1973,mbrasteday@vinaora.com,wK9)\%b{}va_,Male
U3260,cdivisaz,8/6/1968,abharaz@imdb.com,"kR6|`<HPE""k|4",
U7208,scahnb0,3/19/2006,klymerb0@delicious.com,iD3'R(>M,Non-binary
U2760,rjacobbeb1,3/18/1975,kespinayb1@earthlink.net,oE4<e'alMv9Z=e,Female
U6714,edelgadillob2,10/16/2002,rmathiassenb2@diigo.com,zR6=aBkGV,Male
U2145,nleidenb3,1/3/1969,mnaulb3@tumblr.com,sQ9}t9VfLP$!,Male
U5567,fbestb4,12/5/1997,wkenvinb4@umich.edu,hA4@>5L#+\n,
U2429,mmiddasb5,2/17/2004,freddickb5@loc.gov,"wZ5,z=wiBf1",Female
U4990,kplettb6,,ggazzardb6@cnbc.com,oU4&IH=!6,Female
U8414,jperisb7,2/24/2001,aboeckb7@dell.com,"jI8+P}i>LTGhg#O""",Male
U6169,kfliegeb8,4/27/2006,rchazierb8@creativecommons.org,iU0_GpiK7(x\',
U8430,bbelfb9,1/19/1981,abrieretonb9@businessinsider.com,"qY7""{./z4f1""*8P",Male
U3779,fkuhndelba,6/14/1997,collandba@virginia.edu,jC9%M0(nygcK$,
U3930,rgreenhoughbb,9/16/2003,adibdalebb@ebay.com,kD5*bV}1Q\n,
U4880,vwillinghambc,11/25/1972,ckollaschekbc@seesaa.net,fD4$7NJz`=,Male
U2693,tcrecybd,7/8/2003,dvossebd@stumbleupon.com,"vT9""02k""<j>9b3%4",Male
U6744,cmooreedbe,5/15/1968,atorbetbe@mtv.com,"lT8#,'8gt",Female
U5999,gyearnebf,4/9/1975,gjordonbf@sun.com,"bV2<apu""O",Male
U2908,blernerbg,3/31/1973,gkullbg@techcrunch.com,eX0?=mRS6<*\1|{,Non-binary
U5353,aarkilbh,11/21/1965,gbaynsbh@sfgate.com,kR7=.tEq||Gwse9*,Male
U7719,fcharltonbi,2/1/2007,bslaineybi@clickbank.net,"hI0,Q/Ux4D=",
U7742,dmottershawbj,2/25/2003,jsymcoxebj@adobe.com,uJ4=W~eVe&0qO*p,
U7051,slackeyebk,9/14/1995,kocannavanbk@tumblr.com,xR8>1<'K`IfK,Non-binary
U1385,jdelacroixbl,,larnebl@google.nl,pC4#{T3/seU4,Male
U6732,jlodovichibm,,srosengartenbm@gmpg.org,qW0%wm?j6,Non-binary
U7756,fbamlettbn,4/27/1976,scroalbn@ovh.net,cH8=t7z`o_N}#,
U8137,msharplinbo,7/17/1997,smallowsbo@telegraph.co.uk,uZ2+h'Dj%,
U2314,plovelacebp,1/28/1978,wvasilchenkobp@ihg.com,fM0?xoR7E7&7#\,Male
U6613,dlattinbq,4/5/1992,wwooffbq@about.me,hI1&*?c>6,Male
U8619,lbeddiebr,10/24/1975,mcridlinbr@cafepress.com,pL5==B$q5fQ8N,
U9657,phingeleybs,9/28/1996,jsextonebs@china.com.cn,wA2+*=axv/,Male
U4697,bfigurebt,6/21/1999,vkhanbt@over-blog.com,yC4!Kb'=?wtDeM,Non-binary
U8135,llyffebu,7/8/1993,amchanbu@google.de,"jL0,a6x4/7Sm\L62",Male
U1604,pjenourebv,,tleghbv@weibo.com,"xD6{GW,Rp",Non-binary
U4632,jolyfatbw,1/27/2007,rdillamorebw@upenn.edu,"uZ8&K?xkDQmY""#v",
U2649,mbendelbx,3/27/1973,fsaywoodbx@multiply.com,aW3+YDNwVDO_,Female
U5770,tdysertby,,kmacgovernby@smh.com.au,"vK8""9hCv",Male
U5029,ethonasonbz,,smacronaldbz@shop-pro.jp,cN6/_mj5dq.),
U3912,ataberc0,8/2/1970,mogormanc0@woothemes.com,gM6?|<N1`Dn|E&=9,Female
U9760,jjirzikc1,11/24/1993,jbriancec1@cbslocal.com,uY2}DA=mWzFD(,Male
U0513,dleestutc2,5/31/1981,gferriesc2@theatlantic.com,zU0/'60JzP,Female
U1015,eallabushc3,12/23/1987,usolowayc3@usnews.com,gU7}9f>Zs*S,Non-binary
U9659,amattinsonc4,4/25/1977,mburlec4@wp.com,jG4|qkEG,Non-binary
U3468,pdourinc5,,jmckernc5@taobao.com,mL4&+8Lg3w.C`(~,Non-binary
U1127,agilloppc6,8/6/2000,alasseyc6@home.pl,"iT3'""<HP)M",Non-binary
U0279,hsesonsc7,8/24/1979,aduffellc7@studiopress.com,cZ3(GzZsC>lWJ*P,
U3141,mchildesc8,2/4/1969,mduberryc8@webnode.com,nO0)iNv3B709,Non-binary
U9691,gsherbrookc9,6/17/1967,kkemwalc9@prnewswire.com,eQ0.{Hev@UETf~,
U4109,rcanasca,12/14/1983,lalmeidaca@mashable.com,xA8*s+k'(g\=4&6c,Non-binary
U9046,fmacduffcb,7/29/2007,ltschieraschecb@nymag.com,"xJ7""q@zf",Non-binary
U4895,ngrzegorzewskicc,1/11/1967,fbassomcc@a8.net,xK9.\iwu,Non-binary
U8342,hmanlowcd,10/29/1973,aviviencd@github.io,sP6!5gGujdfE,Male
U8691,tforsardce,3/22/1985,rdwerryhousece@army.mil,hE6=YV!8Dp,Male
U3738,wcaretcf,8/16/1983,ahaffendencf@artisteer.com,iX0#Q7ksl%A!,Non-binary
U4352,livanchenkovcg,,dflorentinecg@boston.com,"hY1>$~,4wuF",Male
U0369,uguilfordch,,tgannawaych@artisteer.com,wD8~UJ\diz_A@INy,Non-binary
U2195,mpannamanci,10/8/1985,neickhoffci@globo.com,"vE3,~5Y}<3h<w*\L",Female
U7217,clevanecj,11/25/1980,tcassamcj@xing.com,nG1!_<E'8_,Non-binary
U3639,smackillck,5/5/1991,blitelck@sakura.ne.jp,"wJ1@8k%eO,$H8",Non-binary
U3785,hronancl,6/24/1976,csandcl@dailymail.co.uk,"oM3""89D5&LK>~SL",Female
U6992,fsarrellcm,5/23/1977,wpetrcm@webs.com,xF5)AUYP{Tftnh`L,Female
U4202,rgodsmarkcn,12/31/1982,ohessercn@hao123.com,jZ0_zv?CSYVJK&t,Female
U8917,jkenvinco,12/23/2006,dwincomco@tiny.cc,sU8>PRMIdr1wjrm,Female
U5484,aleececp,7/10/1981,eiaduccellicp@columbia.edu,kR2_AXk'Q,Male
U5723,bstarbuckecq,8/4/2005,hniezencq@goo.gl,yL8'2*8!*_.=s,
U9213,sstowtecr,12/29/1972,dcourtoiscr@ebay.com,jD0@*)1Mh.Y,Female
U6454,hpilburycs,10/23/1988,lsandlandcs@mozilla.org,zT7+uJMm>6k(w!G\,
U9217,bdaubneyct,9/14/1985,enoadct@dion.ne.jp,wR3*?/*(eqC,Male
U1271,kdebellcu,3/26/2005,ncunahcu@technorati.com,mF2}\d@/5QTL6d,Female
U1574,cgavriellycv,2/13/1997,cgannancv@stumbleupon.com,wD4+sLFw9yW2,Non-binary
U3760,rfarbrothercw,8/25/2002,nfacercw@sciencedaily.com,iW2>YuX.j,
U5783,kbroadberrycx,2/8/1969,plibbeycx@mtv.com,"pS8""R&r)",Female
U4871,lwilseecy,11/13/2007,smennithorpcy@ihg.com,hR5*T5xi9ymM,Male
U2980,wlampardcz,,demneycz@ifeng.com,hK7'LHCnb,Male
U3734,etimmesd0,3/8/1965,ariddeld0@cnbc.com,"zO0)%*rJz'UjA,E",Female
U4611,vbonneyd1,9/9/1988,nsijmonsd1@telegraph.co.uk,uD8+W45g3,
U7157,eveillardd2,8/21/1983,rserckd2@bing.com,mV7#fQ}JcrffPZf,Male
U1858,jalenind3,12/14/2006,idearnd3@deliciousdays.com,rX7'xZdO,Male
U3359,ayead4,6/16/1975,fmoensd4@surveymonkey.com,fM6<oE.X+=jT8I,Female
U2938,abembridged5,1/31/1986,nmapowderd5@hc360.com,bT0=o4uxXIW,Non-binary
U9663,kkorlatd6,12/1/1992,wgoundryd6@ocn.ne.jp,hP1@LcB`f,
U8385,ovickeryd7,1/24/2001,nabrahmovicid7@upenn.edu,gB3?(mc+3X*TIRsr,
U1478,neliotd8,9/23/1992,gszanthod8@washingtonpost.com,kX4\Rs~tfq4kt9,
U2090,lmartinezd9,,dsilkstoned9@nymag.com,aQ1(AEI5D,Non-binary
U9896,caloshechkinda,3/30/1965,pkleinmintzda@youtu.be,mG6%ySPnQnud,Female
U1384,bbrunnendb,10/20/1978,aheynsdb@technorati.com,dG9\Ul)CK=Jn,
U6627,jnavarijodc,6/3/1965,hbreetondc@tripod.com,"uS0{Yc&e6}xnmN,Y",Male
U0302,phortopdd,,phegdonnedd@ifeng.com,tY4&xxhIAjP,Female
U0864,aholmede,1/8/1995,drafterde@moonfruit.com,xR6=Ewbt,Female
U7559,ewitarddf,,sfrenddf@miibeian.gov.cn,oH1.DDrG,Male
U6911,wshearsbydg,12/8/1974,ajoliffedg@webmd.com,bR1*>XEQ,Female
U9356,nbullickdh,7/12/1966,ctythertondh@prweb.com,zI4*<$05DG(4h5T*,Non-binary
U5452,fcookedi,,lhallawaysdi@illinois.edu,nF7{n0zGM?3.S5,Female
U3578,ltoppingdj,9/9/1979,awadelindj@flavors.me,wW0(OKo~,
U6166,atowseydk,5/23/1980,rcorssendk@networksolutions.com,"vO9,|K|,o",
U5924,fmasdingdl,1/1/2002,jbycraftdl@feedburner.com,oO5#yPe5>oNOG,Female
U3665,msmithemandm,11/25/1986,stwidaledm@etsy.com,pJ6~n6$),Non-binary
U9229,pdeandreisdn,9/29/1978,jbruntdn@scientificamerican.com,"cT0`8E/W2""<M65i",
U0766,fbrigshawdo,9/14/1980,acadogando@yolasite.com,cV6'EF%f%,Female
U7838,ccarroldp,5/31/1998,dkelbiedp@amazon.de,"yV4""J3pYN",Female
U4619,gcrabbdq,1/19/1972,jaronowiczdq@sun.com,kK8#tx~&gm9,
U3049,tfryddr,7/30/1998,gbennedr@yale.edu,hK0{NydPnq(CP~,
U5525,ksaphirds,12/29/1988,jcookmands@springer.com,qO1`P}%O,Female
U2835,aferrodt,,cbaitsondt@techcrunch.com,"dQ4>BYw>cG,)R",Male
U8936,maspitaldu,5/29/1969,tshakshaftdu@pinterest.com,aL8~ly\R,
U7139,mwallwooddv,,gdollimoredv@noaa.gov,uL3#l%Yv(4v1=b,Male
U4382,atesyrodw,2/6/2003,warmatagedw@i2i.jp,cP1{ivO`k~,Non-binary
U5441,dfloriodx,8/29/1988,gmcgavindx@nba.com,dQ0&'u\'@N,
U4583,vtitmussdy,,kgrimbledy@xinhuanet.com,uE2~c8w3$,Female
U0367,mplayfootdz,10/4/1979,cpatisdz@1und1.de,lF2~Hb_Sy$Rl?,
U2247,hginie0,,fbeynone0@imageshack.us,kX0`ePmZ,Non-binary
U1224,cornellse1,,anelthroppe1@theglobeandmail.com,sU1+bgVW`O{,Non-binary
U5633,gwhitakere2,5/23/1981,moakhille2@vistaprint.com,pM9@yl#rPZdB,Male
U6980,cfishwicke3,,bdentithe3@ezinearticles.com,eD2@'&U!V*vf/6*,Female
U8983,cseinee4,,zdudsone4@independent.co.uk,tG4*5I?%n&V9cGz,
U2492,tbartolinie5,7/21/1965,mcudbye5@youtube.com,oF0)$sy=KJR9q,Female
U5713,epauline6,3/30/1974,smorrisse6@nps.gov,"gI4.pC}HTQo=3\p""",
U5472,rdunstane7,8/19/1999,wdonkee7@example.com,iE5/Hyvtl57qD,Male
U5762,searye8,6/16/2004,kmoncke8@miitbeian.gov.cn,uE2<id*2Rd\nY,Non-binary
U7974,evanese9,3/14/1966,gkemmete9@foxnews.com,dI5*n.6o1qbtU,Female
U8860,twoodheadea,9/19/1986,ssellorsea@imdb.com,aP7~vn6m,
U4668,wgrigoryeveb,12/4/1998,gdobinsoneb@china.com.cn,oT4$PkOhkgwa,Female
U5972,zoatenec,12/15/1999,ckarlmannec@goodreads.com,pX1\sAv}I>Xum,Male
U8528,ghindmoored,3/13/1979,dtommeoed@example.com,fK6~rHYwio#&,Male
U7253,fpiscopielloee,4/23/1980,aioselevee@typepad.com,iX3./%zl%w+(!,Male
U0864,abernardief,,swandrachef@sfgate.com,"bU4}""kO`Y",Male
U1114,sstayteg,10/21/1990,swaleworkeg@bing.com,fH5.L*Npf1_tX,Non-binary
U3856,ktrehereh,7/18/1986,lsagareh@who.int,"uM1,|Pmg)u@XXUz",
U8713,lantonioei,8/23/2007,dshilstoneei@microsoft.com,yD6~2>wFj6#,Non-binary
U5547,cjoncicej,,egormleyej@exblog.jp,uU4.q4_%,
U8337,kdemerek,,acrandonek@jimdo.com,"kD8,XYp@$_hrS$",Female
U2838,hcamplenel,,tleaknerel@google.it,"xH9)@PD0Lu""<wt{",Male
U7997,ddikleem,10/29/2000,cmadnerem@washingtonpost.com,"vH9,&YKB0LS",Male
U4779,tkestertonen,2/19/1971,dwilmotten@yelp.com,nZ5#{UoJ9@%v|E9,Non-binary
U8172,tjahnkeeo,,ahumerstoneeo@booking.com,"iJ6>`%tAnX,",Female
U6588,liannazziep,5/18/1975,hdurstonep@smh.com.au,eI9>bErAM{Vs,Male
U0519,csimaneq,2/14/1984,cgwyllteq@cbslocal.com,hS0*eKaO/{&&cT5,Male
U9751,alarensoner,5/29/2001,ealmaker@guardian.co.uk,oJ1~`lKW,Female
U4764,abutteryes,11/21/2007,ndeusses@rediff.com,cO8\AlG<*hEZ`xst,
U1197,vobertet,,bwhitfeldet@usgs.gov,eL4=hi@(e3,Female
U5001,aluxmooreeu,10/27/1998,mbardayeu@usnews.com,"uF3_I+""X5Rs%",Non-binary
U6936,cingleev,4/6/1997,arumfordev@time.com,uK1*gArA?\t8z,Male
U9263,chuertasew,,aglassmanew@toplist.cz,fQ7<8D1|hm,Male
U2277,tmynettex,5/8/2005,gdennyex@nydailynews.com,wZ7>Yv/S|\ya8x,Male
U9321,ndradeyey,5/5/2001,ddewersoney@macromedia.com,dW3(|I_DfAO9{fny,Non-binary
U0970,bkopjeez,,etinniswoodez@barnesandnoble.com,rR0_12T47,
U6553,ebufff0,,dmokesf0@china.com.cn,eS1'size,Female
U6795,hecclesharef1,9/8/1975,kaddenbrookef1@amazonaws.com,"hA9=Ljd0K,b*!\W",Female
U9887,challyburtonf2,5/13/1977,lszimonf2@scribd.com,qN5~8Hv7e(,Female
U3555,mbenallackf3,2/26/2006,flintonf3@indiatimes.com,fY6{$P(Et,Female
U8981,ebowmenf4,8/31/2003,lfurzeyf4@chicagotribune.com,cC1'>1Z\Wc$,Female
U7655,lalvinf5,9/5/1995,dskonesf5@yandex.ru,jP5@UoFGbn!kj0D,Female
U3146,hgoulterf6,6/5/1982,gverchambref6@storify.com,xY2{f|'u%f3F*,Female
U2503,smilksopf7,,tmackonochief7@last.fm,"wU1{2sK""",
U8593,hstonerf8,8/30/1998,pmermanf8@foxnews.com,"xF0*M""62",
U8706,kvassbenderf9,7/16/1996,ngarrowayf9@163.com,zL2&OkdP(qlX,
U8990,osoutenfa,4/28/1982,khattoefa@goo.ne.jp,"rO4*lp""4",Female
U7976,aeastcourtfb,5/27/1997,mvlasenkovfb@marriott.com,"nC9!""%Gh(|""%Tdk",Non-binary
U2330,dimlachfc,4/26/1995,zmeesefc@stanford.edu,"iZ1*2Aq,'",Female
U2734,glammengafd,12/12/1984,ndulwichfd@google.es,"vK0'7laij3%n""",Male
U3767,rellsomfe,8/19/1988,bmacillrickfe@forbes.com,pS0<lt)Ma.&q(Y4,Non-binary
U9158,cglandff,10/2/1965,ktumaff@go.com,rJ3+ro@YVO*JEq\,Female
U5605,pfolleyfg,12/25/1996,gthechamfg@1und1.de,"xX0""R(gg(CRgw#eq",Non-binary
U1605,daisbettfh,7/12/1978,kcouvefh@unesco.org,qO8>n#N7+,Female
U7513,tmarsyfi,7/30/1977,hkilliamfi@google.fr,rF2>t'I$i',Male
U4429,jpapefj,10/14/1971,wminnockfj@comsenz.com,hL6#vMA$!gCX3`dH,Male
U9733,cjubbfk,4/1/1988,bbarterfk@princeton.edu,nS9?j$Gc,Male
U5748,fygoefl,6/26/1978,bshinfieldfl@abc.net.au,aU7@KDFE{MLLP/,Non-binary
U6159,lgoginfm,,llavertyfm@pcworld.com,sM7+O<tg<>_J9,Male
U9611,hlazarefn,3/15/1992,bcridgefn@alexa.com,"rQ7!/""#lR",Non-binary
U3060,gbignallfo,9/30/1970,sborgfo@latimes.com,"iF3}?3,TOD}\",Male
U6315,igallichicciofp,11/24/1979,kdemcikfp@google.fr,nM2|?UgdQViiW,Male
U3791,kcotafq,8/22/1972,hdandisonfq@boston.com,kZ5~%QzOXM+<<,
U6797,rtrevertonfr,11/27/1976,asiselandfr@hp.com,kO0%5(k+5cJ.twcp,Non-binary
U3716,rblundanfs,4/4/2005,jlippiettfs@reference.com,lP7_X`<G,
U7821,phebdenft,2/29/1980,htulipft@businessweek.com,lJ9(m1){m(=,
U0860,tcousansfu,,jcudihyfu@statcounter.com,"rF7""A'?OR1}",Male
U7541,dhalbardfv,3/24/1998,fayllettfv@icio.us,pB3}QO?g,Female
U9597,sstellinfw,3/3/1979,mbathersbyfw@eventbrite.com,"cD8_""ajgl",Male
U1804,rthunnercleffx,10/13/1974,grustichfx@pen.io,jZ6}XiCFlYG|,Non-binary
U6835,setherseyfy,11/27/1978,bjeacopfy@yellowbook.com,eJ3(bk!7(,
U7967,ccockingfz,,npittendreighfz@howstuffworks.com,oS6??M_9T*sli>4,Female
U4224,asiretg0,9/27/1966,jfinnimoreg0@army.mil,yB4&yGoG,Non-binary
U1018,bgossopg1,4/3/1965,bswannieg1@exblog.jp,yW2)9&!bOBZ`yJ,Female
U2004,wliddelg2,4/29/1997,vellamg2@livejournal.com,dD3@EJ&Mws,Non-binary
U0897,ygodleeg3,7/9/1979,mroggerog3@blogtalkradio.com,"oC9,@%CA""({n$",Female
U9654,hwoolleyg4,11/26/2001,nbayneg4@mediafire.com,"mJ1,z5A7?}ayNL0z",Non-binary
U8365,bcasellig5,6/24/1990,jmcilwrathg5@google.es,qG2|JaJV&tojg,Female
U4742,cproudloveg6,4/5/1994,dgiacobog6@auda.org.au,dV1%zIohY,
U1456,mbarrattg7,7/13/2001,atebbitg7@cam.ac.uk,kO2}uVc()c?,
U5827,keddisforthg8,5/25/1974,jrawcliffeg8@reuters.com,hQ0#&tHDZ,Male
U8856,cpalerg9,6/6/1997,lmatchittg9@bandcamp.com,"lJ5@""Wj\v(94",
U1328,zfinklega,11/5/1967,weffemyga@tumblr.com,"zK0?h""4mW",
U8280,ccourtesgb,5/6/1996,jadamsengb@psu.edu,"iT5}c#,,",Female
U0514,ebarnewallgc,,cdonoghuegc@squarespace.com,iY2%RYN77#B,Female
U9688,fallmondgd,8/3/1968,mcrosfieldgd@moonfruit.com,oV9*9QCm5o,Male
U7253,mbealege,2/21/1973,bcratege@arstechnica.com,"sA4_V5.,g",Female
U3757,ldawsongf,,tkintongf@mlb.com,rO3}z/>I,Female
U1319,lfinlatorgg,,cdivesgg@digg.com,sS7\?|SVTo4v,Male
U4290,cingremgh,9/26/1987,bshapirogh@dailymotion.com,"aV7""wSMX8Q~fE5",
U4511,drobbeygi,2/17/1968,kpalfreegi@europa.eu,pY5\AH>7,Female
U0017,lkeepinggj,6/15/1975,fkohnekegj@xing.com,iC2~EMSVFxWhi,Female
U5919,rvolantgk,6/26/2002,cbovergk@mashable.com,"yM1=>vR""7""A+zm",Non-binary
U0422,bhutchasongl,11/26/1968,gandraudgl@uiuc.edu,"gF2+I\@7$qLUT'Q""",
U1796,dmosedalegm,9/11/1994,rchristenegm@amazon.co.jp,hS7|L/JQh.,Non-binary
U5961,jkohtergn,5/14/1996,lbemmentgn@netscape.com,sF2.\mCpzN('DmS,
U5110,mgoldberggo,12/25/1975,dlawsgo@rakuten.co.jp,eB6|fVki25G5U1,Female
U8081,dfebengp,7/26/2002,olouthgp@ihg.com,vD8+@$lBux,Male
U7225,akettgq,10/20/1976,dpurplegq@ibm.com,vP4~U3t&Wm3,Female
U2016,fbrawngr,6/17/1982,dmcbreartygr@de.vu,mJ3#Kn@uuwAYu{w,Male
U9001,wmassegs,7/22/2007,bbonusgs@tinyurl.com,"iI3'}@?1Sd=G39E""",Non-binary
U4006,jnehlgt,1/15/1983,nbuzzagt@digg.com,xJ9)%5%F,Non-binary
U2657,kfilipczynskigu,,khethrongu@smugmug.com,yJ0?{sF<H\D|Hq,Male
U4356,rmacskeagangv,3/4/2008,bkochlingv@umich.edu,"tT9=""xi/XZ<",Male
U3373,byanshinovgw,,mmaccartergw@dell.com,oZ1`=Be}Yma0~_V,Male
U4658,aaneargx,5/28/1965,bflaxongx@w3.org,uU1$g*KgM!B&g>gG,
U1582,lschultergy,7/9/1971,kcockarillgy@jigsy.com,"oS5,}mFU",
U6611,preuthergz,1/17/1996,fhanniganegz@theguardian.com,zP1|g{##O,Male
U0338,jkilgallenh0,,cdaverenh0@geocities.jp,iQ4+<<\kW,Female
U6678,atailourh1,4/1/1965,kclemenconh1@mtv.com,dT3!p+Ls1mS)|!0',Male
U9300,wspearsh2,2/28/2006,rgrenfellh2@gravatar.com,"dY6{""tEg+",Male
U0658,lcescottih3,10/8/2001,mbanfieldh3@state.tx.us,"uL9(,N?{",
U3169,igoodgeh4,4/8/2004,mlukehursth4@whitehouse.gov,"wA8!O|f8,bqsWK",Female
U8139,pchamneyh5,5/2/1984,jdellcasah5@example.com,"tT6`cf5,oosV%w",Male
U5449,sgoodfieldh6,6/29/1998,bmcianh6@weather.com,"nG5?kigT,j\?%?Q3",Female
U0227,pwhibleyh7,,rcorpeh7@samsung.com,rM2)'@0ADq,
U8798,aposseh8,,calyonovh8@digg.com,tA2?fB@8HZe,Male
U9378,evasyuninh9,11/26/1979,nskentelberyh9@youtu.be,cR4`2yNW#Xf,Female
U7470,pspeckha,2/13/2008,frichleyha@usa.gov,jN8&?7)X,Non-binary
U6139,awatlinghb,4/24/2004,bsaicehb@domainmarket.com,"vQ1#,Q(a.O6QUb",
U9822,toatleyhc,,bgraingehc@stumbleupon.com,"nI4+)K""ms#k$n",
U6659,nbebishd,3/12/1980,amcilheranhd@sakura.ne.jp,"qB9>re`K""w7w(z",
U1041,bdjekoviche,11/29/2008,mhardwickhe@usda.gov,"zM1(/}/Cbgz6d""",Non-binary
U6600,dstormhf,9/30/1978,njorckhf@si.edu,bL1!'G4`n&pd,Non-binary
U1689,mfaussethg,4/19/1970,pheustacehg@technorati.com,gP0?25kOY.rxW,
U1988,hshakesbyehh,6/7/1980,sboerdermanhh@exblog.jp,hL4*gVEh.BpsK,Male
U2092,tchessorhi,,khubatschhi@skyrock.com,zB4)\6+L=6XU`i,Non-binary
U8127,ptoffolohj,7/29/1973,spattinihj@eepurl.com,xS0%pwc5O_&d~,Male
U5482,atiremanhk,7/18/1988,eshearmerhk@sitemeter.com,tI1_XRwb+P,Male
U7508,vspiniellohl,8/24/1978,bwedlakehl@independent.co.uk,"bA9\n=""DapW",Male
U3878,acreginhm,3/3/1982,mknibbhm@sohu.com,rO8*G*yZ>5',Non-binary
U8424,stassellhn,8/20/2008,dcaulketthn@opensource.org,jS3'eU(}oZ,
U9947,jdelahayho,6/29/1991,kadshedho@spiegel.de,cA6!#vxA@.1|44zI,Non-binary
U6598,mcossemhp,10/25/1981,lplumbridgehp@cocolog-nifty.com,"cH9/@QVI_ty,S{",Non-binary
U1649,rtourmellhq,8/22/1986,fwarringtonhq@si.edu,nA7_pT%Ufvnx.d,Male
U0635,dgrigorihr,,wyuryevhr@prlog.org,sL9*7~UGOMpFpi,Male
U7148,tpendletonhs,9/30/1994,psuthworthhs@home.pl,"mW2,T68f,{7",
U7506,tgillisonht,10/20/1979,ldibbleht@gravatar.com,jX5'U|S?Y*He),Female
U2908,cfrasconehu,8/30/1986,nwallbridgehu@businessweek.com,"gK5,76sx}*",
U2492,abellehv,8/4/1975,mcollifordhv@lycos.com,dD4@Fgk7,Non-binary
U4680,mbarthw,12/13/1982,bmunganehw@narod.ru,qX7!X>{uu9,Non-binary
U2835,mgillingwaterhx,6/14/1992,lprowtinghx@java.com,"kB1""C}i$C",Female
U7281,blettingtonhy,,brosensteinhy@omniture.com,oF5+Z4ZbQ6,Female
U0884,ftreslovehz,3/21/1993,iwinsorhz@weebly.com,sI0+%e@QaN,Male
U5618,kbranti0,3/1/1999,nashforthi0@purevolume.com,hM0'XBs/,Female
U4880,kwesgatei1,,nplewmani1@pagesperso-orange.fr,"gR8+7BTtny?0c,`1",Male
U7923,bwallsi2,3/19/1997,gdurretti2@squidoo.com,aT3}'Mu%#,Male
U5255,mbraderi3,1/1/1970,mdomicani3@webmd.com,"vW1""C7h,0Efws)",
U9307,ostainbridgei4,4/29/1973,kmcveyi4@domainmarket.com,dX1.va'bTC,Non-binary
U2141,zmacketti5,9/28/1966,gbridgelandi5@xinhuanet.com,iY6=5txs\_L|5E>4,Non-binary
U2140,rzottoi6,11/5/2007,sbelfieldi6@deviantart.com,nC6>+Yi5QEkzNf,Female
U4964,bkanni7,11/22/2000,gpiniuri7@scribd.com,"fR0/(*T,LJ(QcZv",
U0979,ydimsdalei8,,dfoxleyi8@histats.com,zN3+Q)xB+,
U5337,tdennerti9,,ksouthardi9@godaddy.com,"gU6)0au""<uY5pSL",Male
U3300,sgodsalia,8/21/1969,bkegania@unesco.org,jL1'{gwXookw0,Non-binary
U0465,egironib,5/25/1971,ctofanoib@sitemeter.com,fE9@_kaj,Non-binary
U6973,pdearellic,7/29/1980,gkalkoferic@photobucket.com,cQ2`hOL3vZ*XX4!,Non-binary
U9896,cpickersailid,4/22/2001,msoameid@uol.com.br,tW8<Nc4c!o_f@,Male
U0124,rholsonie,7/26/1977,cfaceie@unicef.org,jS3~lT35A2DD\pB$,Non-binary
U9423,pdonaldif,10/26/1973,emaskellif@cnn.com,rG8/|`~~*?,Male
U7468,sespadaterig,1/8/1999,bpleyig@slashdot.org,nC3<ouEe'<=,
U6873,leggersih,4/12/1993,horgenih@nymag.com,xI5&1VgK2ZJ(%rEZ,Male
U5631,gheleii,1/16/1984,ccurmiii@virginia.edu,qB1>r.nn,
U6933,ethibodeauxij,,hbartczakij@virginia.edu,bF0'B=uy8@o_55</,
U3383,wmiddleik,12/12/1984,jfriattik@howstuffworks.com,hZ4)o$YPv!>,Non-binary
U2106,adunstoneil,5/3/1968,vgodmeril@vimeo.com,dP8(*phH?c.,
U6764,dscoinesim,9/22/1995,sbirwhistleim@hubpages.com,hU7.|w22tV&EVIA,Non-binary
U3657,krosettiniin,10/28/1988,saddenbrookein@ustream.tv,eQ8*&YBH3a{jt,
U4885,fsworderio,8/2/2000,codonnellyio@guardian.co.uk,cD1&i3SKU#bM0',Female
U7950,bsaxbyip,5/30/1993,ihutchinip@goo.gl,vL3#3jYm!WGD<wPw,Female
U6525,ajudkinsiq,2/9/1980,mflamankiq@bing.com,fC6#wDner,Non-binary
U4444,slindheir,,sminghellair@loc.gov,bS8`jhpr'~y,Male
U1180,pdodswellis,1/10/1989,oloftieis@reverbnation.com,jP8.!lg5*6,Non-binary
U4596,hsiberyit,9/22/1973,lmcnivenit@techcrunch.com,yL9+p>CQtRVN_<v,
U5083,handreouiu,8/12/1984,bjeffsiu@topsy.com,vR2%BK`9R'q.mMTN,Non-binary
U8058,epadkiniv,5/5/2002,cemmottiv@biblegateway.com,"eS1}HY=h+U{fL.3""",Male
U1791,ctredwelliw,8/14/1969,kpenzeriw@google.pl,yC0)AWumo)|.Agl,Male
U8317,bdickerlineix,11/9/1977,rblacksellix@ifeng.com,"wJ3&D,a6DJi",Male
U7914,kcraigheadiy,7/3/1988,saaronsohniy@indiatimes.com,xG6|S_?6X%g,Non-binary
U8938,sgiannazziiz,5/22/1993,atowlliz@microsoft.com,fP9>\&no%&,
U8667,nbackj0,,bbrasseurj0@japanpost.jp,"zB1""7?O4%?%pf",Female
U9244,abracegirdlej1,,mbernardinellij1@privacy.gov.au,nJ7&5c7~>85,
U9424,sliverseegej2,1/29/1980,cleemingj2@vistaprint.com,yW5`N#B8BO4r{h,Female
U9479,tdingwallj3,2/6/1975,emclisej3@nps.gov,xL3=dof+QG.,Non-binary
U5286,tipplettj4,11/22/1991,ngetleyj4@ftc.gov,uD6?X$hf2Kv,
U3396,bistonj5,2/13/2005,aswaytonj5@zimbio.com,lX2))}Y=3x/,Non-binary
U1004,lcolnettj6,4/2/1988,mrosengartj6@indiegogo.com,kV9{=w}y,Female
U5442,bseeleyj7,2/3/1974,lharnwellj7@qq.com,yV1@oGut),Non-binary
U5473,kschwandenj8,6/21/1969,nsmerdonj8@slideshare.net,bE4>dwe<d!Ms`8,Female
U8642,htynewellj9,1/1/1976,swarstallj9@nytimes.com,"mI4{Mc/|\&""'1",Male
U5422,ktringja,12/6/1997,dwillertonja@wunderground.com,aG2+`dO$GgIhnym,Male
U9801,idewittjb,8/9/1993,carlowjb@surveymonkey.com,"iV5,ze?+r$Feh3",
U4743,tpitkinsjc,7/15/1982,ceversonjc@biglobe.ne.jp,uI5'mn@A/.l+#%AL,Non-binary
U3010,cactonjd,5/22/1983,tearsmanjd@guardian.co.uk,sJ9\X>9!@qH,
U8185,mstonhamje,8/9/2002,wmcquodeje@elpais.com,"rP9},>V,Rzj7RA",Female
U5693,jsainthilljf,8/7/1976,galfonsojf@qq.com,xA1/p%(z?3oea,
U5341,jcorwoodjg,4/24/1988,jingramjg@ed.gov,zM0!=8VV*5'nu,
U8195,utofpikjh,,sdailyjh@skype.com,bO4+dQ{RQDeXSJ,Non-binary
U9312,ewattinsji,2/11/1991,hmattimoeji@hostgator.com,uI3)VtK'r8qVCC,Male
U9105,lletherburyjj,2/1/1965,mgrinyovjj@hao123.com,"lJ7,5YlT5$p",Non-binary
U0336,isheeringjk,8/3/1989,rlamdenjk@cpanel.net,yY2<w#9p2s,
U3783,ikindejl,11/26/1990,oconeleyjl@ox.ac.uk,kT9|ap#H+,Female
U1300,lbolanjm,8/3/1989,dharmourjm@mysql.com,fC8|TtxShk>,Non-binary
U5192,gyusupovjn,2/22/1986,phuorticjn@scribd.com,sS5>CuwDv?rUpVe/,Male
U2800,sdrewettjo,9/17/1981,tgopsalljo@pbs.org,bN6~Ki5&bO|s,Non-binary
U8957,amacsporranjp,7/12/1984,hmacenteejp@prlog.org,"rW3""J.gW/?injU",
U4208,gristejq,8/3/2001,ebassingdenjq@nhs.uk,tT0'DH7gG&$u,Non-binary
U8887,aruoffjr,9/23/1993,kbeccerajr@cornell.edu,jJ2!>s+xkveG,Female
U5179,flarratjs,9/29/2007,epinsonjs@china.com.cn,jZ7+G}K.z98P3,Non-binary
U5420,dbeatenjt,10/23/1967,othandijt@howstuffworks.com,mD6*3~p#ugpoS,
U8594,hmannaghju,9/10/1997,iguillotinju@mediafire.com,hX7=`#o&+`\<$!\,Non-binary
U7688,lreichartzjv,5/4/2003,bruttjv@list-manage.com,"gC0<%tt""OKr4Lapk",
U0621,fgrunwalljw,5/5/1997,lpesekjw@arizona.edu,wV9&MFLd(,Non-binary
U4558,fkennefickjx,8/21/1989,mepsleyjx@ihg.com,"vD0=/)""=.h",
U8584,ykauschkejy,10/27/1979,tlaurandjy@dropbox.com,"xL6}""YX$@Q\",Female
U7104,nfinnisjz,,econnaljz@about.me,qH7)E@eH0p,Female
U0552,bpellattk0,11/23/1999,lpelosik0@fema.gov,xK9}4PTJ,Male
U8678,swaylandk1,10/29/2000,cmerlink1@abc.net.au,hE9@7$tG,Male
U8305,kdionsettok2,1/6/1979,theikkinenk2@youtube.com,sQ1~*WslZN,Female
U6437,sladonk3,11/20/1998,abartusekk3@accuweather.com,xA4{RVYwhue3|Q,Male
U1453,mdederickk4,1/29/1967,mlavignek4@smh.com.au,jL4/(/jSA}|H7,Male
U5056,bgaynsfordk5,8/13/1996,tliversedgek5@barnesandnoble.com,iL7}K+rK,Male
U3466,ebisphamk6,,mdonnek6@bing.com,zU1}hR5~uYco,
U6919,msainsburybrownk7,5/13/1983,tbrinkmank7@sun.com,mB7>9I*D4IIQ>,
U5348,fpopleek8,,bcrisfordk8@arizona.edu,iY4+d)LaTkv0g?,Male
U0857,bscrowbyk9,12/31/1991,rbarnacloughk9@t-online.de,rN4`?~DM,
U4295,ncattermoleka,2/17/1970,lhedneyka@dot.gov,"hN2{%G""\B!b}}0",Non-binary
U9975,upurdykb,11/28/2005,mlebossekb@yahoo.co.jp,"sD8""RT$\gm",Non-binary
U3477,miannuzzikc,11/22/2006,prowthkc@de.vu,zP1@wjJ)d>,Female
U9211,areadekd,,kgourliekd@archive.org,iD9|m/Xj,Non-binary
U3177,awinsletke,1/19/2000,hsattefordke@yahoo.co.jp,"qE5,Frkt3""_`vN",Female
U4676,ililleekf,1/22/2007,fwanneskf@rakuten.co.jp,fW2@wW>.h,
U0007,dkidsonkg,12/12/2008,mfernandezkg@yahoo.co.jp,cO3!{S5F)<2,Non-binary
U2580,wrhulekh,4/19/1999,sbargkh@oaic.gov.au,"nN1'WzXQWle,@",Female
U3955,tclemettski,1/15/2001,mmauchlenki@paypal.com,"rF6.Y~0,zwPnQ8#",
U1454,emerritonkj,1/27/1988,dmaccartneykj@sourceforge.net,"cU7|lb&+Zl4{',",Female
U8609,hcowxkk,5/6/1982,bleggatekk@fastcompany.com,qK4`shsivS(,Female
U6970,ctanbykl,,ebierkl@technorati.com,vS1)4=KXfX$cI1,Male
U1081,cwestmorlandkm,1/2/1968,djagglikm@php.net,zW7=ZVF@AniCRQ,Male
U0575,gmackrellkn,6/27/1978,tkedgekn@nasa.gov,lZ1}OT}fo_qv%,Male
U7628,mdjurisicko,6/19/1987,tkenderko@symantec.com,lH9'H+m6'R,
U7417,mjanowiczkp,6/3/1986,bohanveykp@aboutads.info,pX8}5t6ky0J3HMd>,
U0627,lsawneykq,,dhazelgreavekq@hp.com,aF0{tlyRD{7IAp,Non-binary
U5283,creelykr,10/17/2007,thorstedkr@vimeo.com,zN0$2YWP'&FM4@2,Male
U4923,bbilsfordks,1/11/1971,ccroucherks@un.org,mQ5/RzZxL`a>T,
U4046,aaronowitzkt,9/11/1975,rivashovkt@spotify.com,kD9$R&v%0'J)E?s,
U6250,aabramskyku,10/31/1998,dleamingku@ucoz.com,oW9*c|wDiZ7uW,Non-binary
U9903,mflaonierkv,12/22/2004,ejamisonkv@wikimedia.org,cI1.U7il?r,Male
U2842,ebladesmithkw,12/19/1996,clubertikw@usgs.gov,"hZ5""<&48#c",Female
U3802,fatcherleykx,,skuhnkx@prweb.com,wK9('%*4nF,Non-binary
U7393,roxnamky,4/5/2000,bwyardky@cdc.gov,"sB1+*6=p.),Y`G",Non-binary
U2974,kgadiekz,3/18/1967,mpenhalurickkz@sun.com,lH8_xdTl,Male
U7280,ntarplyl0,,kmorfieldl0@bbc.co.uk,fN7}TP=#oCOql!,Male
U6990,kstraunl1,2/5/1968,khryniewiczl1@github.com,"sS6@YQ$dp_,R=P)A",Female
U3137,tdegoyl2,2/1/1984,pgirckel2@independent.co.uk,"lG2{,K2rJ}@\w}l",Female
U4051,rgonsalvezl3,,ahaddowl3@wordpress.com,xW7=\ZkXv0),Non-binary
U2165,wluckcockl4,,vormshawl4@taobao.com,"dJ4%Ej>YY""eZ*@",Male
U3880,hcosterl5,,espittlesl5@canalblog.com,oX0%8eF1e4kY~,Female
U6038,kdevall6,4/2/2001,tmuffettl6@imgur.com,dM2#V!!&/9yq&,Female
U8245,glawfulll7,,csteblesl7@psu.edu,fL5_sVEsR_(,Male
U8837,fmonktonl8,6/22/1983,fgotl8@4shared.com,vT6/k@tKk=+*=,
U4801,againsefordl9,11/9/2007,mnoltonl9@rambler.ru,cM8=%U|L\A,Non-binary
U4831,lpericola,,gsnowla@va.gov,"rP6'e7V""zfuc*5L>",Non-binary
U6592,rhumpherylb,2/1/1967,dharesnaiplb@diigo.com,eC5#HIOML&EF,Male
U8415,bpowderlc,12/25/1972,eskillinglc@lulu.com,uM3{8A_JL,Male
U7700,epautotld,1/21/1990,nianellild@engadget.com,fW5%.5&pJ?z9S,
U1944,rreinbeckle,10/6/2000,jbonaviale@wikia.com,nZ6{63IeP4Tv*{,
U6571,bollettlf,4/28/1994,fbeavingtonlf@instagram.com,qV3@9A$95,Male
U8799,bfargelg,8/13/1992,sjurcziklg@illinois.edu,gC6@w0$#q(lPl,Non-binary
U9945,bowlnerlh,4/4/1968,igeldeardlh@about.me,hJ7!3*\nM,
U5211,apantherli,,dbolitholi@elpais.com,zY0(Wb}!,Non-binary
U0246,jkorpallj,1/7/2000,eusmarlj@amazon.co.jp,lP0>={T9'?!')$h,Female
U9498,cganicleflk,,cjudkinlk@plala.or.jp,"iV6%B,n)?",Female
U3543,twoolisll,3/21/2007,gstowellll@biglobe.ne.jp,"wO5""/}K(>x3P6B",Female
U7249,mlusgdinlm,4/27/1992,cclaesenslm@wired.com,rA1'~yo!/,Male
U8797,hleatherln,12/6/1985,kmeliorln@geocities.jp,lT7_)<uag)xNW*Ac,Male
U2505,acubbonlo,12/21/1984,vcapehornlo@archive.org,"oL8""Hg!/fqCk/NF.",
U3219,ssharpinlp,1/13/1983,mgowerlp@mashable.com,gX3)Mj8}43ZK,Male
U1326,cbellochlq,8/22/1995,dsmewingslq@goo.gl,gE7+z!Mi?#ux2F,Male
U0074,gleythleylr,7/11/2005,rtemprelllr@redcross.org,nZ3=pZ5=,Non-binary
U6679,lgaviganls,,apalombils@ocn.ne.jp,hR8&uo@Nm~,Female
U9919,tkirvinlt,10/30/1965,msainzlt@ustream.tv,"jP4#k1.Rm,_43",Male
U3595,taccombelu,,hgathercolelu@techcrunch.com,cI8@mPSH.!3,Male
U2400,vemettlv,11/8/1966,ebremmerlv@furl.net,uS0|UFK%Ao!.%&G,Female
U9902,bkunischlw,2/5/1967,tmayzeslw@trellian.com,bS7$gk`+*T`2KYE,
U8075,agadesbylx,,npearlmanlx@alibaba.com,"hB7+\7*2r{""DwOy!",Non-binary
U7691,fcranmerly,,slongfutly@wordpress.com,"fT4?*(%F,=<{<",Male
U3494,molechnowiczlz,12/5/1965,kdecavillelz@abc.net.au,"oU0<##|J?""xUEFj",Male
U3737,msterlandm0,,bpeyzerm0@samsung.com,rR8+X.$/'{gC,Non-binary
U7172,hbowlesworthm1,9/12/1985,ndatem1@pbs.org,"zD6{""Aty37""npp.7",Non-binary
U2049,cthirlwellm2,5/23/1973,chorstedm2@narod.ru,yC8/?_zBh,Female
U1546,mmcdermidm3,10/31/2005,jdykinsm3@smh.com.au,jV7}e8Osr,Male
U0212,esporgeonm4,10/11/1988,kleeuwerinkm4@walmart.com,aW6~SU!)/,
U1156,mbenfordm5,2/14/1997,ssurmeyerm5@ow.ly,kO5\(n`%,
U7504,jdalgettym6,6/1/2003,mspadarom6@fc2.com,aH1)Q?+&FJ6,Female
U0123,gstonnerm7,,pciccottinim7@geocities.com,nP2@lO\sR'&W,Female
U7530,lgiddensm8,10/19/2002,esigarsm8@cnet.com,xK1$MI>V@pGs,Male
U7577,bchillingworthm9,6/2/1965,nsharremm9@livejournal.com,xD8*Y@2E(%AI+DBx,Male
U7911,mwigzellma,4/29/2005,sspilsburyma@apache.org,nS4}zq39KR1,
U9100,kdurekmb,12/21/1983,melcottmb@webeden.co.uk,fU0?ZX8IT,Non-binary
U1134,skimemc,7/31/1971,rlomasnymc@deviantart.com,dJ5|w1P>,Male
U2181,sbonnickmd,1/13/2001,trowlinmd@bravesites.com,jT9.117.$+J,Male
U6959,bspancockme,,jmonanme@live.com,iB1%&*q050+1T,
U4333,egumlymf,6/6/1976,ecouthmf@tiny.cc,"tO4""gZ{6{""?P'",Male
U5950,hlodovichimg,5/4/1997,egerokmg@chicagotribune.com,qW9`d6nj2v*ql'~P,Non-binary
U2948,mmccarthymh,2/12/1998,mworleymh@unblog.fr,wG1&dEzY,Male
U1546,eschollermi,,tgoodfellowemi@google.fr,rO1@3KNX(ymM|(/,Female
U5221,cmcauslandmj,1/7/1975,lskamalmj@w3.org,pN9\&aZcma6V,Female
U3998,kchaplynmk,1/20/1969,wstannasmk@reverbnation.com,eM5$'S!~RbKgv7*6,Female
U0012,thaddletonml,,ahinchshawml@cdc.gov,oP6%aFOxHY&J,Non-binary
U1230,daparkmm,1/11/1995,bmcclunemm@ucsd.edu,rK8.mcC*4|A!kg`,Non-binary
U1074,dtaylomn,9/14/1974,mfratsonmn@earthlink.net,gM8&idrV+eaW,
U8677,breltonmo,6/14/1966,skenwellmo@paypal.com,wJ4!2Rq.Cb,Female
U9898,dhunnywellmp,,olanegranmp@upenn.edu,gT8%hF.Tw~Rr&,Non-binary
U0394,cboldenmq,7/22/2001,cgisbornemq@altervista.org,sI8'NaqgHT<jhV%s,Female
U1592,eharefootmr,,kmeiningermr@technorati.com,"qE1,O/#DUV&f>F?U",Non-binary
U9994,jattfieldms,9/1/1990,pjaanms@51.la,mW8.}jsL9,Male
U5758,skillelaymt,2/26/1998,cbrodleymt@foxnews.com,"rY3=6.|O""L`2A&",Non-binary
U4951,dlaynemu,1/12/1983,gcanbymu@seattletimes.com,dB4+yBNZNg!2,Non-binary
U4170,freallymv,9/25/1974,fstearmv@archive.org,eA5!heiZ4Dl,Non-binary
U6365,yingerfieldmw,12/18/1983,roldknowemw@shinystat.com,lG9(X<$5A%`,Female
U4052,eparysownamx,,nfilonmx@oakley.com,"pQ9,H{Pgb/|sdd",Female
U3474,nlewtymy,,lpicktonmy@twitter.com,vO8>@I*(Vtb,Female
U5889,hjizhakimz,,kcessmz@1und1.de,"oQ9,*7nSz%",
U4301,astillgoen0,10/3/1973,mridgleyn0@nifty.com,"qZ2,1fSy",Female
U5697,sjirzikn1,2/10/2008,hleiboldn1@vistaprint.com,iX9<Y3bx|6VC,Female
U5051,awarnen2,12/14/1996,gbischofn2@t.co,vE1@>Y#s0\,Male
U9093,cpetscheltn3,8/31/2007,sbeauchopn3@livejournal.com,"dO7`c8$r>+o'A,4R",Female
U8503,pyeendn4,9/3/1966,mchansonnen4@irs.gov,aZ5_IWcnYI,
U3829,whowien5,11/30/1985,kburgoinen5@usnews.com,"nR8*j""~WkR|YXpz(",Male
U2981,fdarbishiren6,12/9/2007,dstruttmann6@twitter.com,fH7>jNBmnk$Ec,
U2836,wcunion7,,smcpartlingn7@independent.co.uk,jT0(w2g\>X,Female
U0264,jnayshen8,,cmarquezn8@upenn.edu,rM5|@l1h|9xpk,Female
U2133,hdainn9,8/17/2000,kbangiardn9@myspace.com,aD8/X/)eYOR+<$,Male
U6009,osorbiena,2/17/1975,tstollardna@taobao.com,qM1#2lZ2%T$+l,Female
U6532,fmaillardnb,,kchettlenb@utexas.edu,iI1'\0'|vWqz&,Male
U8600,aslavinnc,6/6/1991,tshinnernc@mit.edu,"jW1,*`ASM=JVX",Female
U9173,kherrerannd,4/21/1989,nklehynnd@themeforest.net,zI9|iDWR,Non-binary
U8150,dpennycockne,,mabramchikne@wix.com,rP7}nu9P@Zs@ty$,Non-binary
U6317,gtabornf,2/5/1968,dhuntrissnf@gmpg.org,eC2*$_a=\F,
U3507,badenetng,4/22/2004,kreadingng@telegraph.co.uk,"nG9(,BFE}g""Z&",Female
U7546,ekollasnh,5/13/1981,lantonellininh@soundcloud.com,"sG0|9QBst~OR,8",Non-binary
U7295,glazarni,,iswinleyni@woothemes.com,"cY1""DZYSu$Ajn4t",Male
U4422,cmcreedynj,7/18/1993,kfassbindlernj@nytimes.com,"qK5?$&6ay4y+,",
U6265,emacsorleynk,6/12/1979,rheishamnk@dedecms.com,oQ4@hi#+n,Female
U6327,fdonatinl,,ilittlejohnsnl@whitehouse.gov,pA3'e=j)#P,Non-binary
U6565,mcolamnm,8/6/1998,tbaynonnm@icq.com,"wF3>KlJdVb5(,6ud",Non-binary
U9504,gdrillingcourtnn,7/19/2002,lgosbynn@marriott.com,yO5)x0CV3.K+,Male
U3310,wrosenblattno,7/6/1978,jgradleyno@reuters.com,nZ8$g+>MEi~F,Non-binary
U7191,wmacrurynp,5/14/1987,frenshellnp@boston.com,"gC8|m@,O>O4nnq?z",Male
U8481,mcaldaronq,,msneesbienq@sphinn.com,yA6<nyX*cqfVC}2v,Female
U1362,pskipworthnr,8/26/1993,jfranceschinr@businessweek.com,jO7!d2JK8f0(hf{,
U4403,esinnockns,12/25/1969,hcoslittns@sun.com,"uN8<n,AvTF<o8Xfd",
U0400,mfrancescuzzint,1/26/1978,oschulkennt@discuz.net,bZ9>AzsC,Male
U6695,kskarinnu,9/10/2003,dlubbocknu@zdnet.com,kT7*hA9(JX{nCyz/,Female
U0141,bbidmeadnv,2/7/1974,jgilardengonv@gizmodo.com,dL4/?VHP!mzEc),Male
U0506,khuckernw,,ucrasswellernw@theguardian.com,lZ6*Oj?`R(Cc,Female
U3287,ihovernx,7/21/2006,lpatenx@themeforest.net,qL0.FdY7Y@@,Male
U3026,wmellsopny,12/3/1991,cpicklessny@digg.com,xU2~2_!U,Female
U6628,sharbisonnz,2/2/2002,oexallnz@mozilla.com,gU4`jn8',Female
U5997,gsangoo0,,fellseo0@acquirethisname.com,vI9!%{0vsnR,Female
U0022,drusto1,10/16/1996,spippino1@dagondesign.com,fS9_8sTeavVUPs,Male
U1776,atacono2,5/21/1995,rgillero2@ibm.com,lC4>wQWn?},Female
U3800,amaccurtaino3,7/6/1967,mericssono3@naver.com,uZ4&LF*67+,Female
U7361,lbohljeo4,4/2/1965,craithmillo4@goodreads.com,vK3)RZuLD%,Female
U1906,kfrostdickeo5,12/17/1981,ykloisnero5@buzzfeed.com,"kG5\SJ""(I",Non-binary
U2974,gsemmenso6,,evasyukhnovo6@mapy.cz,jG5~57(!f`)uV>,Non-binary
U7960,tpimo7,,mcraiggo7@jiathis.com,tO5`HeHHQuF,Female
U3392,dmcalindono8,,tortho8@smugmug.com,qD7|Es!h0<,Female
U1911,dskippeno9,2/6/1970,ninnocento9@nsw.gov.au,gA6}I2{U/\i0!nv,Male
U0735,kdoughartieoa,12/24/1965,msimmersoa@washingtonpost.com,gQ1=_Fa8eAg>p{X#,
U1577,cwarehamob,10/17/1967,cyurkiewiczob@bbb.org,"vN6(F""e|nP3*%4",
U4019,bkeaneoc,8/23/1965,lblakewayoc@mapy.cz,"zI3\Ec$Rg?fu8T""",Male
U8807,dwicksonod,8/17/2005,tmathissenod@discovery.com,tI3{%Y)_Z,
U6539,fjosiahoe,6/26/1981,eselbachoe@naver.com,uL2*Bp'QfT5,Non-binary
U9449,lwarrenof,5/22/1971,tbourof@de.vu,oZ2<bo~y{<u1,Non-binary
U2865,pmoggog,,bskaymanog@tripadvisor.com,cV4(|X4jP(FtO,
U7880,cjackesoh,5/22/1971,pbenwelloh@ycombinator.com,"cM5~kV,AHqU>",
U5662,nfitzsymondsoi,5/9/1968,ganthonyoi@webmd.com,"fP9,2_G?H4I5X",
U8423,asterrickeroj,10/11/1976,ehubbersteyoj@webeden.co.uk,xB7){m4YZ~$@%y7,Non-binary
U4731,jcharlinok,12/16/2001,kjurekok@howstuffworks.com,sI4+E+s|G1=)w=,Female
U8421,kduckhamol,5/3/1988,mricciool@free.fr,"eP9}sje|qDC,PHMo",Male
U0595,osummerleyom,,mcambellom@unesco.org,"iP8@,""1M+",Female
U5341,ayanyushkinon,9/16/1967,krobbertson@timesonline.co.uk,qI5>g5YM(MXF.N,Male
U1187,bsimisteroo,3/28/2007,tcejkaoo@sfgate.com,iU8.4N`K?Xr,Female
U6417,bbernadotop,8/7/1984,jklimowiczop@vimeo.com,mL1+KYmS,Male
U4571,mlermitoq,,mbuddlesoq@myspace.com,yF2(d6=VO>Q,Non-binary
U7099,cbromleyor,4/13/2007,fschreineror@cdbaby.com,cY0?I~7WJRup~,Non-binary
U1802,rroadknightos,3/12/2008,dskuseos@yelp.com,nU1}.sBUsBGk??R,Female
U9119,srosenbushot,12/6/1980,hraundot@people.com.cn,oT2<ialVe,Non-binary
U8692,lstubsou,2/27/1994,acaneoou@oracle.com,yI2`A#*!n,Female
U5487,gvertyov,6/19/1981,grymillov@netvibes.com,fY2>de9YSa,Non-binary
U0251,rvardyow,,dflickerow@rakuten.co.jp,lB2<>H6D3PSQ,Non-binary
U8090,vcastilleox,10/8/1994,pwithropox@livejournal.com,oF6'qTrO,Female
U3637,bgerransoy,10/15/1974,jyakobowitzoy@irs.gov,mQ4@%mck~9I,Male
U5959,kquixleyoz,3/14/1993,pstucksburyoz@cnet.com,"yX0""gQd._iyok&",
U9789,flairdcraigp0,6/7/1975,lreamsp0@ucsd.edu,yF7\uTS6P5,Male
U2479,scuttlesp1,2/6/1977,sbadhamp1@vimeo.com,eE9/8#97,
U5195,josheerynep2,,tstideverp2@fda.gov,dR9\zsFL)..,
U8622,mbrooksbiep3,,cgodsellp3@1688.com,jK1?AVF'gsQxS,Male
U5876,acircuitp4,8/25/1984,sstanesp4@goo.ne.jp,kF3){f9)~#3~@nj,Male
U8457,rsnodingp5,6/25/1976,gkordovanip5@uol.com.br,zH3+7b~JNdXR,Non-binary
U8907,fbackmanp6,6/6/1965,jgantzerp6@cbslocal.com,aB1`'b9IO<YMIZ},Non-binary
U6177,egreenhamp7,9/18/1994,ksparrowp7@intel.com,"lF6""U&qZLUru\",Female
U6486,mhintzerp8,9/25/1982,lwaitingp8@netscape.com,"hI8,1.qwy?%~{76v",Male
U3098,tgumeyp9,,msandomp9@cisco.com,mD2=NDGj,
U5686,tgodberpa,12/29/1991,vifflandpa@deliciousdays.com,gV5>&E.27,Male
U1144,mposselwhitepb,1/16/2001,haikettpb@ocn.ne.jp,hH4_wIJ*`fZd+Zr,Male
U8413,lmcterrypc,12/20/2007,jlogesdalepc@odnoklassniki.ru,eL0'Al36LbT9W,
U4923,cweedenpd,8/10/2000,smaserespd@mail.ru,gA1+lFgY|y{~,Male
U3326,ljozwiakpe,10/26/1969,fdoutype@hatena.ne.jp,vK4}zZ~fv,
U1555,nclinkardpf,3/7/1966,cconsidinepf@loc.gov,eS7&t.UOWh,Female
U5277,lmclainepg,2/22/1997,pbradburypg@skype.com,"xR0*=0%\PG%?V,P",Male
U5792,jgrievesonph,8/8/2002,astrawbridgeph@globo.com,"xT2>,Mr63",Female
U7470,sivicpi,1/14/1990,bmanespi@twitter.com,"wW5,#sK+*Tc+se1k",Male
U9540,jmatusovskypj,2/7/1991,skaradzaspj@stumbleupon.com,oO5$zOX(g*,Female
U0009,dmeddickpk,1/26/1977,whornbucklepk@addthis.com,"lL1.,{(w8o.4",
U0843,ytonnerpl,1/28/2003,teaglestonepl@nifty.com,rJ1|btN2,Non-binary
U2423,ahowsepm,12/13/1986,raxtellpm@umich.edu,"tE2|#e6*G,k5_(<&",Non-binary
U3143,fhandforthpn,1/19/1991,mnendpn@desdev.cn,"tC3,deA1",Male
U0140,ldittpo,,smclellanpo@microsoft.com,lX8#3E_f,Female
U3274,hdykapp,,dstansellpp@theglobeandmail.com,vW3/|u<h.7s*)T4,Female
U7841,bnittipq,,pkemwallpq@europa.eu,cJ8<|s~m{,Male
U9775,sburduspr,8/25/1974,jbodmanpr@hostgator.com,"uT7""17q.VB",
U6025,cgookesps,10/9/1992,rtrevearps@indiegogo.com,"fS1""qAudTK=",Male
U0292,mboyfieldpt,3/6/1978,sabthorpept@photobucket.com,tN0=lL!@,Female
U8641,lspourepu,5/21/1994,ljoirepu@dropbox.com,"jC9?,gu%L`@V",Female
U2338,tcastaignetpv,7/31/1993,hsindersonpv@1688.com,wJ4?_~WHfXt,Non-binary
U7785,mgenderspw,2/5/1974,acotmanpw@google.fr,nH3>gNx#g8,Non-binary
U2445,dwellpx,,snealepx@sun.com,rC7\Bf%&,Male
U0568,ghushpy,,sdurantpy@mayoclinic.com,"uH6{DLb,",Female
U3791,rspacypz,,ddobsonspz@unesco.org,nD1#K)Y|,Female
U1805,smielnikq0,9/5/1997,fshallcroffq0@woothemes.com,fE4@5BlS|'G>5\x,Non-binary
U8251,kdeamerq1,5/31/1973,sautryq1@github.io,jI7/|+~lM,Female
U9507,alabbetq2,5/17/1980,rborresq2@washington.edu,lV9%KVmRO_.,Male
U6624,zchisnellq3,12/28/1984,dastlettq3@boston.com,yX9=?Uz_u,Non-binary
U9306,hlongeaq4,,lsprossonq4@google.co.uk,jT6{Jrvb*=v6SS+g,Female
U4946,gdaineq5,1/8/1979,ctilleyq5@blinklist.com,aK7!?`*e9)T1D,Female
U9301,sgarbettq6,10/28/1989,nfoukxq6@storify.com,zM6*Seg5G0J,Non-binary
U7177,dgeockleq7,1/28/1994,dglentonq7@addthis.com,kB2{TDuQ/jE+M9q,Non-binary
U5897,alovekinq8,1/23/1990,cmarkussenq8@hugedomains.com,nQ4'pdG6)$3t1U,Female
U6548,mironmongerq9,3/18/1996,mbentzq9@xrea.com,wN4&zydz0.,Female
U7263,ncockleqa,10/19/1985,rmarlorqa@bigcartel.com,hN3!i?K*9Zr,
U2311,nfeldbergqb,2/26/1996,mtargettqb@over-blog.com,zX0)?vgCI39k,Male
U3429,ckarysqc,11/10/1987,miacofoqc@stanford.edu,"uT0~BeP_|{>I""*DS",Non-binary
U8029,sfranklenqd,,dettritchqd@uiuc.edu,cV0_O0xq`.Br,Male
U0164,bmembryqe,10/11/1967,tmuroqe@umich.edu,"nP5!\4+}""",
U3938,enewberryqf,10/29/1995,cpfefferqf@tiny.cc,rN7~(T0<$GrYq9,Non-binary
U0608,dbulgerqg,11/20/1987,hdolbeyqg@purevolume.com,gU9}c&En9$3>'b1G,Female
U5912,cdunyqh,12/5/1998,jmaccafferkyqh@cnet.com,rB4(F+$wC@s,Female
U9939,mcornfordqi,,nmccarrickqi@wisc.edu,"yR7._d*=nP$r\r,K",
U1056,squintonqj,,azanneliqj@unicef.org,"kH4%x,L|?",Male
U3834,nbenettiniqk,,kcrowtheqk@yolasite.com,"oU1""""vm?3>r",Female
U6195,iortql,6/10/1967,drolstonql@msu.edu,"uP8,u'(%Qn\",Non-binary
U0971,dnunnerleyqm,12/6/1985,aspringqm@bizjournals.com,bF1`Us}&%h,Non-binary
U8882,gmartuginqn,8/22/2005,pattenbrowqn@mozilla.com,xU1(!uAvzc88DL_,
U6578,rchowneqo,,jvigrassqo@wikimedia.org,lJ1/L'9eK@y5?9,Male
U0168,lgirschqp,,mbrabanqp@gmpg.org,tE2(<HKy__E,Male
U1192,elaxtonneqq,6/16/1978,ajohnceyqq@shinystat.com,wK9?D)3uQDM8O,Non-binary
U5479,jcaterqr,8/7/1965,jshearwoodqr@prweb.com,yI1%.`|/*,Male
U0322,dshitliffeqs,,rdessantqs@tumblr.com,sC9+)}qor?L',Non-binary
U7539,dgalfourqt,,emaffinqt@storify.com,tW4@'iSN,Non-binary
U5749,rhurtqu,2/20/1981,gcanonqu@over-blog.com,cX4+.xp'%&a,Female
U1247,tcrangqv,,fbevesqv@elpais.com,zL2!0g?&,Female
U0732,jdunsireqw,1/4/1989,cjarayqw@elpais.com,gY9'neuJS.rEv,Female
U3587,vdymockeqx,5/12/1972,yumfreyqx@addtoany.com,"jZ1""/KId",Female
U5357,csheppardqy,2/23/2006,ccolbrunqy@angelfire.com,pG9\d5fGe{i/,Non-binary
U5490,egerrellqz,3/5/1977,rguthrieqz@google.fr,bX5<(oPRH\C,
U7420,rmatissoffr0,10/16/1977,lpignonr0@vk.com,jY9>qGY#kP/,Non-binary
U4344,jdownhamr1,3/7/1978,rmcgerraghtyr1@creativecommons.org,"rY9,&w*tBJC?`j",Male
U2927,iadaminir2,1/26/1997,cnotleyr2@columbia.edu,yH3_L`J?PPs|1,Non-binary
U4649,gwhanstallr3,12/8/1983,lcromettr3@cisco.com,"qY9,5R{#WPU4",Male
U5123,bgodspeeder4,1/28/2005,dbernlinr4@wsj.com,"mQ3~=VizG,/i",
U0404,hemanulssonr5,,erennyr5@altervista.org,aZ0=ZVwF}N,
U9820,cvandalenr6,2/3/1976,adenkelr6@live.com,fF5'2xgg*88MW6~,Female
U5786,lmalimr7,11/11/1991,cwindibankr7@java.com,jD0#7lb3FA?,Male
U3389,ematisser8,7/16/1986,sfoxwellr8@instagram.com,kO5`{p|HKs,Non-binary
U3013,kiggaldenr9,1/24/1990,ncuffleyr9@cdbaby.com,uY0_+{m(b,Male
U1572,ppadsonra,10/12/1965,dmerridayra@canalblog.com,cK7$\&EINY|Wg&,Male
U4512,fscamprb,,etattersallrb@t-online.de,yD6=73|{I?WCAf,
U5378,rstoeckrc,3/4/2005,whartfordrc@youtube.com,rF4)o1+&.k,Male
U0465,cdalleyrd,5/8/1989,iwiggansrd@guardian.co.uk,xV3(<olPN%'iKcrE,Male
U1227,vpatingtonre,2/15/1971,bhemphallre@twitter.com,"fV9)t\,E$ou7sX",Male
U3668,pkeynesrf,5/18/1972,imantlerf@cbsnews.com,"vE7.,z$"">t/`2`",Male
U6254,ggeallrg,9/30/1965,gsuggeyrg@baidu.com,nN7_Za$H*YS8qc/,
U1956,araeburnrh,4/2/1988,cgoddenrh@qq.com,mE6!e)AI/*t9,Female
U1695,mbrockestri,9/6/1994,ekimberlyri@nytimes.com,jY4}&oy`9&&Xh!?,Female
U6070,aorwinrj,8/13/1977,ileakrj@paginegialle.it,oZ5=`.#<k(o((>F,Male
U4820,raitkinrk,9/7/1997,jbrouwerrk@github.com,pB0_/k1DMZkk=c_F,
U8242,aaudsleyrl,2/9/1998,trannsrl@nyu.edu,rV6/gN(*%16k'qz,Non-binary
U1394,pharphamrm,6/28/2003,rpinchingrm@npr.org,eA2*ZVM4n}X,
U9346,lboorerrn,5/25/2006,acrasswellrn@google.nl,rG3<>iF@Ku!io)8,Non-binary
U7794,lcorradettiro,2/8/1971,bstanesro@ehow.com,dL3{8WW+,Female
U4521,crushfordrp,,rellsrp@rambler.ru,hI0.EcILf@&sV,Male
U3075,mcordeixrq,6/24/1975,dkilrowrq@skype.com,qT4@s_EwTRQ~*V#,
U3084,sgoodsalrr,12/9/1974,dduryrr@apache.org,kV1(#m/`9e&a$R*5,Female
